id,title,description,availability,availability_date,expiration_date,link,mobile_link,image_link,price,sale_price,sale_price_effective_date,identifier_exists,gtin,mpn,brand,product_highlight,product_detail,additional_image_link,condition,adult,color,size,size_type,size_system,gender,material,pattern,age_group,multipack,is bundle,unit_pricing_measure,unit_pricing_base_measure,energy_efficiency_class,min_energy_efficiency_class,max_energy_efficiency,item_group_id,video_link,virtual_model_link,cost_of_goods_sold
mob-mesas-tablon-vintage,Renta Tablón Vintage,Renta de Tablón Vintage para eventos con Bodasesor. Color: Vintage/White | 2.40 × 1.20 m. Precio mínimo de salida desde $3500.00 MXN. Precio de renta de referencia: $750.00 MXN. Disponible en CDMX y zona metropolitana.,in_stock,,,https://bodasesor.com/mesas/tablon,https://bodasesor.com/mesas/tablon,https://bodasesor.com/images/mesas/tablon-caoba-natural.jpg,750.00 MXN,,,no,,,Bodasesor,"""Renta de mobiliario"", ""Categoría Mesas"", ""CDMX y zona metropolitana""",Categoría:mobiliario:Mesas,,new,no,Vintage/White,,,,,,,,,,,,,,,mob-mesas-tablon,,,
mob-mesas-mesa-cuadrada-vintage,Renta Mesa Cuadrada Vintage,Renta de Mesa Cuadrada Vintage para eventos con Bodasesor. Color: Vintage/White | 1.60 × 1.60 m. Precio mínimo de salida desde $3500.00 MXN. Precio de renta de referencia: $750.00 MXN. Disponible en CDMX y zona metropolitana.,in_stock,,,https://bodasesor.com/mesas/cuadrada,https://bodasesor.com/mesas/cuadrada,https://bodasesor.com/images/mesas/mesa-cuadrada-marmol-blanca.jpg,750.00 MXN,,,no,,,Bodasesor,"""Renta de mobiliario"", ""Categoría Mesas"", ""CDMX y zona metropolitana""",Categoría:mobiliario:Mesas,,new,no,Vintage/White,,,,,,,,,,,,,,,mob-mesas-cuadrada,,,
mob-mesas-mesa-redonda-caoba-natural,Renta Mesa Redonda Caoba Natural,Renta de Mesa Redonda Caoba Natural para eventos con Bodasesor. Color: Caoba Natural | 1.60 × 1.50 m. Precio mínimo de salida desde $3500.00 MXN. Precio de renta de referencia: $900.00 MXN. Disponible en CDMX y zona metropolitana.,in_stock,,,https://bodasesor.com/mesas/redonda,https://bodasesor.com/mesas/redonda,https://bodasesor.com/images/mesas/mesa-redonda-caoba.jpg,900.00 MXN,,,no,,,Bodasesor,"""Renta de mobiliario"", ""Categoría Mesas"", ""CDMX y zona metropolitana""",Categoría:mobiliario:Mesas,,new,no,Caoba Natural,,,,,,,,,,,,,,,mob-mesas-redonda,,,
mob-mesas-mesa-cuadrada-caoba-natural,Renta Mesa Cuadrada Caoba Natural,Renta de Mesa Cuadrada Caoba Natural para eventos con Bodasesor. Color: Caoba Natural | 1.60 × 1.60 m. Precio mínimo de salida desde $3500.00 MXN. Precio de renta de referencia: $900.00 MXN. Disponible en CDMX y zona metropolitana.,in_stock,,,https://bodasesor.com/mesas/cuadrada,https://bodasesor.com/mesas/cuadrada,https://bodasesor.com/images/mesas/mesa-cuadrada-marmol-blanca.jpg,900.00 MXN,,,no,,,Bodasesor,"""Renta de mobiliario"", ""Categoría Mesas"", ""CDMX y zona metropolitana""",Categoría:mobiliario:Mesas,,new,no,Caoba Natural,,,,,,,,,,,,,,,mob-mesas-cuadrada,,,
mob-mesas-tablon-caoba-natural,Renta Tablón Caoba Natural,Renta de Tablón Caoba Natural para eventos con Bodasesor. Color: Caoba Natural | 2.40 × 1.20 m. Precio mínimo de salida desde $3500.00 MXN. Precio de renta de referencia: $900.00 MXN. Disponible en CDMX y zona metropolitana.,in_stock,,,https://bodasesor.com/mesas/tablon,https://bodasesor.com/mesas/tablon,https://bodasesor.com/images/mesas/tablon-caoba-natural.jpg,900.00 MXN,,,no,,,Bodasesor,"""Renta de mobiliario"", ""Categoría Mesas"", ""CDMX y zona metropolitana""",Categoría:mobiliario:Mesas,,new,no,Caoba Natural,,,,,,,,,,,,,,,mob-mesas-tablon,,,
mob-mesas-mesa-serpentina,Renta Mesa Serpentina,Renta de Mesa Serpentina para eventos con Bodasesor. Colores: Natural y Negro | Diseño modular. Precio mínimo de salida desde $3500.00 MXN. Precio de renta de referencia: $900.00 MXN. Disponible en CDMX y zona metropolitana.,in_stock,,,https://bodasesor.com/mesas/serpentina,https://bodasesor.com/mesas/serpentina,https://bodasesor.com/images/mesas/mesa-serpentina.jpg,900.00 MXN,,,no,,,Bodasesor,"""Renta de mobiliario"", ""Categoría Mesas"", ""CDMX y zona metropolitana""",Categoría:mobiliario:Mesas,,new,no,,,,,,,,,,,,,,,,mob-mesas-serpentina,,,
mob-mesas-tablon-para-novios-caoba-natural,Renta Tablón para Novios Caoba Natural,Renta de Tablón para Novios Caoba Natural para eventos con Bodasesor. Color: Caoba Natural | 1.60 × 1.20 m. Precio mínimo de salida desde $3500.00 MXN. Precio de renta de referencia: $2250.00 MXN. Disponible en CDMX y zona metropolitana.,in_stock,,,https://bodasesor.com/mesas/tablon,https://bodasesor.com/mesas/tablon,https://bodasesor.com/images/mesas/tablon-caoba-natural.jpg,2250.00 MXN,,,no,,,Bodasesor,"""Renta de mobiliario"", ""Categoría Mesas"", ""CDMX y zona metropolitana""",Categoría:mobiliario:Mesas,,new,no,Caoba Natural,,,,,,,,,,,,,,,mob-mesas-tablon,,,
mob-mesas-tablon-picnic-caoba-natural,Renta Tablón Picnic Caoba Natural,Renta de Tablón Picnic Caoba Natural para eventos con Bodasesor. Color: Caoba Natural | 2.40 × 1.20 m. Precio mínimo de salida desde $3500.00 MXN. Precio de renta de referencia: $1150.00 MXN. Disponible en CDMX y zona metropolitana.,in_stock,,,https://bodasesor.com/mesas/tablon,https://bodasesor.com/mesas/tablon,https://bodasesor.com/images/mesas/tablon-caoba-natural.jpg,1150.00 MXN,,,no,,,Bodasesor,"""Renta de mobiliario"", ""Categoría Mesas"", ""CDMX y zona metropolitana""",Categoría:mobiliario:Mesas,,new,no,Caoba Natural,,,,,,,,,,,,,,,mob-mesas-tablon,,,
mob-mesas-tablon-picnic-vintage,Renta Tablón Picnic Vintage,Renta de Tablón Picnic Vintage para eventos con Bodasesor. Color: Vintage | 2.40 × 1.20 m. Precio mínimo de salida desde $3500.00 MXN. Precio de renta de referencia: $1150.00 MXN. Disponible en CDMX y zona metropolitana.,in_stock,,,https://bodasesor.com/mesas/tablon,https://bodasesor.com/mesas/tablon,https://bodasesor.com/images/mesas/tablon-caoba-natural.jpg,1150.00 MXN,,,no,,,Bodasesor,"""Renta de mobiliario"", ""Categoría Mesas"", ""CDMX y zona metropolitana""",Categoría:mobiliario:Mesas,,new,no,Vintage,,,,,,,,,,,,,,,mob-mesas-tablon,,,
mob-mesas-tablon-marmol-blanco,Renta Tablón Mármol Blanco,Renta de Tablón Mármol Blanco para eventos con Bodasesor. Color: Mármol/White | 2.40 × 1.20 m. Precio mínimo de salida desde $3500.00 MXN. Precio de renta de referencia: $1500.00 MXN. Disponible en CDMX y zona metropolitana.,in_stock,,,https://bodasesor.com/mesas/tablon,https://bodasesor.com/mesas/tablon,https://bodasesor.com/images/mesas/tablon-caoba-natural.jpg,1500.00 MXN,,,no,,,Bodasesor,"""Renta de mobiliario"", ""Categoría Mesas"", ""CDMX y zona metropolitana""",Categoría:mobiliario:Mesas,,new,no,Mármol/White,,,,,,,,,,,,,,,mob-mesas-tablon,,,
mob-mesas-mesa-cuadrada-marmol-blanca,Renta Mesa Cuadrada Mármol Blanca,Renta de Mesa Cuadrada Mármol Blanca para eventos con Bodasesor. Color: Mármol/White | 1.60 × 1.60 m. Precio mínimo de salida desde $3500.00 MXN. Precio de renta de referencia: $1500.00 MXN. Disponible en CDMX y zona metropolitana.,in_stock,,,https://bodasesor.com/mesas/cuadrada,https://bodasesor.com/mesas/cuadrada,https://bodasesor.com/images/mesas/mesa-cuadrada-marmol-blanca.jpg,1500.00 MXN,,,no,,,Bodasesor,"""Renta de mobiliario"", ""Categoría Mesas"", ""CDMX y zona metropolitana""",Categoría:mobiliario:Mesas,,new,no,Mármol/White,,,,,,,,,,,,,,,mob-mesas-cuadrada,,,
mob-mesas-mesa-redonda-marmol-blanca,Renta Mesa Redonda Mármol Blanca,Renta de Mesa Redonda Mármol Blanca para eventos con Bodasesor. Color: Mármol/White | 1.60 × 1.50 m. Precio mínimo de salida desde $3500.00 MXN. Precio de renta de referencia: $1500.00 MXN. Disponible en CDMX y zona metropolitana.,in_stock,,,https://bodasesor.com/mesas/redonda,https://bodasesor.com/mesas/redonda,https://bodasesor.com/images/mesas/mesa-redonda-caoba.jpg,1500.00 MXN,,,no,,,Bodasesor,"""Renta de mobiliario"", ""Categoría Mesas"", ""CDMX y zona metropolitana""",Categoría:mobiliario:Mesas,,new,no,Mármol/White,,,,,,,,,,,,,,,mob-mesas-redonda,,,
mob-mesas-mesa-cuadrada-black-trendy,Renta Mesa Cuadrada Black Trendy,Renta de Mesa Cuadrada Black Trendy para eventos con Bodasesor. Color: Black Trendy | 1.60 × 1.60 m. Precio mínimo de salida desde $3500.00 MXN. Precio de renta de referencia: $900.00 MXN. Disponible en CDMX y zona metropolitana.,in_stock,,,https://bodasesor.com/mesas/cuadrada,https://bodasesor.com/mesas/cuadrada,https://bodasesor.com/images/mesas/mesa-cuadrada-marmol-blanca.jpg,900.00 MXN,,,no,,,Bodasesor,"""Renta de mobiliario"", ""Categoría Mesas"", ""CDMX y zona metropolitana""",Categoría:mobiliario:Mesas,,new,no,Black Trendy,,,,,,,,,,,,,,,mob-mesas-cuadrada,,,
mob-mesas-mesa-cuadrada-marmol-negro,Renta Mesa Cuadrada Mármol Negro,Renta de Mesa Cuadrada Mármol Negro para eventos con Bodasesor. Color: Mármol/Black | 1.60 × 1.60 m. Precio mínimo de salida desde $3500.00 MXN. Precio de renta de referencia: $1500.00 MXN. Disponible en CDMX y zona metropolitana.,in_stock,,,https://bodasesor.com/mesas/cuadrada,https://bodasesor.com/mesas/cuadrada,https://bodasesor.com/images/mesas/mesa-cuadrada-marmol-blanca.jpg,1500.00 MXN,,,no,,,Bodasesor,"""Renta de mobiliario"", ""Categoría Mesas"", ""CDMX y zona metropolitana""",Categoría:mobiliario:Mesas,,new,no,Mármol/Black,,,,,,,,,,,,,,,mob-mesas-cuadrada,,,
mob-mesas-tablon-marmol-negro,Renta Tablón Mármol Negro,Renta de Tablón Mármol Negro para eventos con Bodasesor. Color: Mármol/Black | 2.40 × 1.20 m. Precio mínimo de salida desde $3500.00 MXN. Precio de renta de referencia: $1500.00 MXN. Disponible en CDMX y zona metropolitana.,in_stock,,,https://bodasesor.com/mesas/tablon,https://bodasesor.com/mesas/tablon,https://bodasesor.com/images/mesas/tablon-caoba-natural.jpg,1500.00 MXN,,,no,,,Bodasesor,"""Renta de mobiliario"", ""Categoría Mesas"", ""CDMX y zona metropolitana""",Categoría:mobiliario:Mesas,,new,no,Mármol/Black,,,,,,,,,,,,,,,mob-mesas-tablon,,,
mob-mesas-tablon-infantil,Renta Tablón Infantil,Renta de Tablón Infantil para eventos con Bodasesor. Colores: Caoba y Vintage | 0.60 × 1.80 m. Precio mínimo de salida desde $3500.00 MXN. Precio de renta de referencia: $1300.00 MXN. Disponible en CDMX y zona metropolitana.,in_stock,,,https://bodasesor.com/mesas/tablon-infantil,https://bodasesor.com/mesas/tablon-infantil,https://bodasesor.com/images/mesas/tablon-infantil.jpg,1300.00 MXN,,,no,,,Bodasesor,"""Renta de mobiliario"", ""Categoría Mesas"", ""CDMX y zona metropolitana""",Categoría:mobiliario:Mesas,,new,no,,,,,,,,,,,,,,,,mob-mesas-tablon-infantil,,,
mob-mesas-mesa-picnic-8-personas,Renta Mesa Picnic 8 Personas,Renta de Mesa Picnic 8 Personas para eventos con Bodasesor. 2.30 m × H 66 cm | Diseño plegable. Precio mínimo de salida desde $3500.00 MXN. Precio de renta de referencia: $1300.00 MXN. Disponible en CDMX y zona metropolitana.,in_stock,,,https://bodasesor.com/mesas/picnic,https://bodasesor.com/mesas/picnic,https://bodasesor.com/images/mesas/mesa-picnic.jpg,1300.00 MXN,,,no,,,Bodasesor,"""Renta de mobiliario"", ""Categoría Mesas"", ""CDMX y zona metropolitana""",Categoría:mobiliario:Mesas,,new,no,,,,,,,,,,,,,,,,mob-mesas-picnic,,,
mob-mesas-mesa-picnic-6-personas,Renta Mesa Picnic 6 Personas,Renta de Mesa Picnic 6 Personas para eventos con Bodasesor. 2.30 m × H 66 cm | Diseño plegable. Precio mínimo de salida desde $3500.00 MXN. Precio de renta de referencia: $1200.00 MXN. Disponible en CDMX y zona metropolitana.,in_stock,,,https://bodasesor.com/mesas/picnic,https://bodasesor.com/mesas/picnic,https://bodasesor.com/images/mesas/mesa-picnic.jpg,1200.00 MXN,,,no,,,Bodasesor,"""Renta de mobiliario"", ""Categoría Mesas"", ""CDMX y zona metropolitana""",Categoría:mobiliario:Mesas,,new,no,,,,,,,,,,,,,,,,mob-mesas-picnic,,,
mob-mesas-mesa-black-shine,Renta Mesa Black Shine,Renta de Mesa Black Shine para eventos con Bodasesor. Rectangular madera + patas herrería dorada | 2.44 × 1.22 m | 11 uds. Precio mínimo de salida desde $3500.00 MXN. Precio de renta de referencia: $950.00 MXN. Disponible en CDMX y zona metropolitana.,in_stock,,,https://bodasesor.com/mesas/cuadrada,https://bodasesor.com/mesas/cuadrada,https://bodasesor.com/images/mesas/mesa-cuadrada-marmol-blanca.jpg,950.00 MXN,,,no,,,Bodasesor,"""Renta de mobiliario"", ""Categoría Mesas"", ""CDMX y zona metropolitana""",Categoría:mobiliario:Mesas,,new,no,,,,,,,,,,,,,,,,mob-mesas-cuadrada,,,
mob-mesas-mesa-marmol-rectangular-negra,Renta Mesa Mármol Rectangular Negra,Renta de Mesa Mármol Rectangular Negra para eventos con Bodasesor. 1.22 × 2.44 m | 20 uds. Precio mínimo de salida desde $3500.00 MXN. Precio de renta de referencia: $1475.00 MXN. Disponible en CDMX y zona metropolitana.,in_stock,,,https://bodasesor.com/mesas/tablon,https://bodasesor.com/mesas/tablon,https://bodasesor.com/images/mesas/tablon-caoba-natural.jpg,1475.00 MXN,,,no,,,Bodasesor,"""Renta de mobiliario"", ""Categoría Mesas"", ""CDMX y zona metropolitana""",Categoría:mobiliario:Mesas,,new,no,,,,,,,,,,,,,,,,mob-mesas-tablon,,,
mob-mesas-mesa-marmol-rectangular-blanca,Renta Mesa Mármol Rectangular Blanca,Renta de Mesa Mármol Rectangular Blanca para eventos con Bodasesor. 1.22 × 2.44 m | 20 uds. Precio mínimo de salida desde $3500.00 MXN. Precio de renta de referencia: $1475.00 MXN. Disponible en CDMX y zona metropolitana.,in_stock,,,https://bodasesor.com/mesas/tablon,https://bodasesor.com/mesas/tablon,https://bodasesor.com/images/mesas/tablon-caoba-natural.jpg,1475.00 MXN,,,no,,,Bodasesor,"""Renta de mobiliario"", ""Categoría Mesas"", ""CDMX y zona metropolitana""",Categoría:mobiliario:Mesas,,new,no,,,,,,,,,,,,,,,,mob-mesas-tablon,,,
mob-mesas-mesa-espejo-dorada,Renta Mesa Espejo Dorada,Renta de Mesa Espejo Dorada para eventos con Bodasesor. Rectangular dorada | 1 × 2.30 m | 20 uds. Precio mínimo de salida desde $3500.00 MXN. Precio de renta de referencia: $1700.00 MXN. Disponible en CDMX y zona metropolitana.,in_stock,,,https://bodasesor.com/mesas/cuadrada,https://bodasesor.com/mesas/cuadrada,https://bodasesor.com/images/mesas/mesa-cuadrada-marmol-blanca.jpg,1700.00 MXN,,,no,,,Bodasesor,"""Renta de mobiliario"", ""Categoría Mesas"", ""CDMX y zona metropolitana""",Categoría:mobiliario:Mesas,,new,no,,,,,,,,,,,,,,,,mob-mesas-cuadrada,,,
mob-mesas-mesa-redonda-con-mantel-1-50-m,Renta Mesa Redonda con Mantel (Ø 1.50 m),Renta de Mesa Redonda con Mantel (Ø 1.50 m) para eventos con Bodasesor. 100 uds disponibles | Incluye mantel. Precio mínimo de salida desde $3500.00 MXN. Precio de renta de referencia: $420.00 MXN. Disponible en CDMX y zona metropolitana.,in_stock,,,https://bodasesor.com/mesas/redonda,https://bodasesor.com/mesas/redonda,https://bodasesor.com/images/mesas/mesa-redonda-caoba.jpg,420.00 MXN,,,no,,,Bodasesor,"""Renta de mobiliario"", ""Categoría Mesas"", ""CDMX y zona metropolitana""",Categoría:mobiliario:Mesas,,new,no,,,,,,,,,,,,,,,,mob-mesas-redonda,,,
mob-sillas-silla-smith,Renta Silla Smith,"Renta de Silla Smith para eventos con Bodasesor. Colores: Negro, Rosa, Beige | Estructura metálica dorada. Precio mínimo de salida desde $3500.00 MXN. Precio de renta de referencia: $170.00 MXN. Disponible en CDMX y zona metropolitana.",in_stock,,,https://bodasesor.com/sillas/smith,https://bodasesor.com/sillas/smith,https://bodasesor.com/images/mesas/silla-smith.jpg,170.00 MXN,,,no,,,Bodasesor,"""Renta de mobiliario"", ""Categoría Sillas"", ""CDMX y zona metropolitana""",Categoría:mobiliario:Sillas,,new,no,,,,,,,,,,,,,,,,mob-sillas-smith,,,
mob-sillas-silla-camila,Renta Silla Camila,"Renta de Silla Camila para eventos con Bodasesor. Colores: Negro, Blanco | Diseño contemporáneo wire. Precio mínimo de salida desde $3500.00 MXN. Precio de renta de referencia: $170.00 MXN. Disponible en CDMX y zona metropolitana.",in_stock,,,https://bodasesor.com/sillas/camila,https://bodasesor.com/sillas/camila,https://bodasesor.com/images/mesas/silla-camila.jpg,170.00 MXN,,,no,,,Bodasesor,"""Renta de mobiliario"", ""Categoría Sillas"", ""CDMX y zona metropolitana""",Categoría:mobiliario:Sillas,,new,no,,,,,,,,,,,,,,,,mob-sillas-camila,,,
mob-sillas-silla-basket,Renta Silla Basket,"Renta de Silla Basket para eventos con Bodasesor. Colores: Arena, Nude, Gris | Estilo texturizado. Precio mínimo de salida desde $3500.00 MXN. Precio de renta de referencia: $170.00 MXN. Disponible en CDMX y zona metropolitana.",in_stock,,,https://bodasesor.com/sillas/basket,https://bodasesor.com/sillas/basket,https://bodasesor.com/images/mesas/silla-basket.jpg,170.00 MXN,,,no,,,Bodasesor,"""Renta de mobiliario"", ""Categoría Sillas"", ""CDMX y zona metropolitana""",Categoría:mobiliario:Sillas,,new,no,,,,,,,,,,,,,,,,mob-sillas-basket,,,
mob-sillas-silla-antonella,Renta Silla Antonella,"Renta de Silla Antonella para eventos con Bodasesor. Colores: Nude, Negra, Rosa/Blanca | Silla oval. Precio mínimo de salida desde $3500.00 MXN. Precio de renta de referencia: $170.00 MXN. Disponible en CDMX y zona metropolitana.",in_stock,,,https://bodasesor.com/sillas/antonella,https://bodasesor.com/sillas/antonella,https://bodasesor.com/images/mesas/silla-antonella.jpg,170.00 MXN,,,no,,,Bodasesor,"""Renta de mobiliario"", ""Categoría Sillas"", ""CDMX y zona metropolitana""",Categoría:mobiliario:Sillas,,new,no,,,,,,,,,,,,,,,,mob-sillas-antonella,,,
mob-sillas-silla-cabos,Renta Silla Cabos,"Renta de Silla Cabos para eventos con Bodasesor. Colores: Beige, Negro | Diseño con líneas curvas. Precio mínimo de salida desde $3500.00 MXN. Precio de renta de referencia: $150.00 MXN. Disponible en CDMX y zona metropolitana.",in_stock,,,https://bodasesor.com/sillas/cabos,https://bodasesor.com/sillas/cabos,https://bodasesor.com/images/instagram/ig44.jpg,150.00 MXN,,,no,,,Bodasesor,"""Renta de mobiliario"", ""Categoría Sillas"", ""CDMX y zona metropolitana""",Categoría:mobiliario:Sillas,,new,no,,,,,,,,,,,,,,,,mob-sillas-cabos,,,
mob-sillas-silla-caroline,Renta Silla Caroline,Renta de Silla Caroline para eventos con Bodasesor. Color: Negro | Estética minimalista. Precio mínimo de salida desde $3500.00 MXN. Precio de renta de referencia: $170.00 MXN. Disponible en CDMX y zona metropolitana.,in_stock,,,https://bodasesor.com/sillas/caroline,https://bodasesor.com/sillas/caroline,https://bodasesor.com/images/instagram/ig88.jpg,170.00 MXN,,,no,,,Bodasesor,"""Renta de mobiliario"", ""Categoría Sillas"", ""CDMX y zona metropolitana""",Categoría:mobiliario:Sillas,,new,no,Negro,,,,,,,,,,,,,,,mob-sillas-caroline,,,
mob-sillas-silla-maria,Renta Silla María,Renta de Silla María para eventos con Bodasesor. Color: Negro | Diseño atemporal estructura dorada. Precio mínimo de salida desde $3500.00 MXN. Precio de renta de referencia: $170.00 MXN. Disponible en CDMX y zona metropolitana.,in_stock,,,https://bodasesor.com/sillas/maria,https://bodasesor.com/sillas/maria,https://bodasesor.com/images/instagram/ig90.jpg,170.00 MXN,,,no,,,Bodasesor,"""Renta de mobiliario"", ""Categoría Sillas"", ""CDMX y zona metropolitana""",Categoría:mobiliario:Sillas,,new,no,Negro,,,,,,,,,,,,,,,mob-sillas-maria,,,
mob-sillas-silla-tolix,Renta Silla Tolix,Renta de Silla Tolix para eventos con Bodasesor. Color: Negro | Clásico industrial metálico. Precio mínimo de salida desde $3500.00 MXN. Precio de renta de referencia: $195.00 MXN. Disponible en CDMX y zona metropolitana.,in_stock,,,https://bodasesor.com/sillas/tolix,https://bodasesor.com/sillas/tolix,https://bodasesor.com/images/mesas/silla-tolix.jpg,195.00 MXN,,,no,,,Bodasesor,"""Renta de mobiliario"", ""Categoría Sillas"", ""CDMX y zona metropolitana""",Categoría:mobiliario:Sillas,,new,no,Negro,,,,,,,,,,,,,,,mob-sillas-tolix,,,
mob-sillas-silla-avant-garde,Renta Silla Avant Garde,Renta de Silla Avant Garde para eventos con Bodasesor. Color: Natural | Madera plegable con cojín. Precio mínimo de salida desde $3500.00 MXN. Precio de renta de referencia: $70.00 MXN. Disponible en CDMX y zona metropolitana.,in_stock,,,https://bodasesor.com/sillas/avant-garde,https://bodasesor.com/sillas/avant-garde,https://bodasesor.com/images/mesas/silla-avant-garde.jpg,70.00 MXN,,,no,,,Bodasesor,"""Renta de mobiliario"", ""Categoría Sillas"", ""CDMX y zona metropolitana""",Categoría:mobiliario:Sillas,,new,no,Natural,,,,,,,,,,,,,,,mob-sillas-avant-garde,,,
mob-sillas-silla-crossback,Renta Silla Crossback,Renta de Silla Crossback para eventos con Bodasesor. Color: Caoba / Natural | Respaldo en X. Precio mínimo de salida desde $3500.00 MXN. Precio de renta de referencia: $95.00 MXN. Disponible en CDMX y zona metropolitana.,in_stock,,,https://bodasesor.com/sillas/crossback,https://bodasesor.com/sillas/crossback,https://bodasesor.com/images/mesas/silla-crossback.jpg,95.00 MXN,,,no,,,Bodasesor,"""Renta de mobiliario"", ""Categoría Sillas"", ""CDMX y zona metropolitana""",Categoría:mobiliario:Sillas,,new,no,Caoba / Natural,,,,,,,,,,,,,,,mob-sillas-crossback,,,
mob-sillas-silla-wishbone,Renta Silla Wishbone,"Renta de Silla Wishbone para eventos con Bodasesor. Color: Natural | Icono escandinavo, respaldo en Y. Precio mínimo de salida desde $3500.00 MXN. Precio de renta de referencia: $200.00 MXN. Disponible en CDMX y zona metropolitana.",in_stock,,,https://bodasesor.com/sillas/wishbone,https://bodasesor.com/sillas/wishbone,https://bodasesor.com/images/mesas/silla-wishbone.jpg,200.00 MXN,,,no,,,Bodasesor,"""Renta de mobiliario"", ""Categoría Sillas"", ""CDMX y zona metropolitana""",Categoría:mobiliario:Sillas,,new,no,Natural,,,,,,,,,,,,,,,mob-sillas-wishbone,,,
mob-sillas-silla-louis-xv,Renta Silla Louis XV,Renta de Silla Louis XV para eventos con Bodasesor. Color: Beige | Estilo francés siglo XVIII. Precio mínimo de salida desde $3500.00 MXN. Precio de renta de referencia: $200.00 MXN. Disponible en CDMX y zona metropolitana.,in_stock,,,https://bodasesor.com/sillas/louis-xv,https://bodasesor.com/sillas/louis-xv,https://bodasesor.com/images/mesas/silla-louis-xv.jpg,200.00 MXN,,,no,,,Bodasesor,"""Renta de mobiliario"", ""Categoría Sillas"", ""CDMX y zona metropolitana""",Categoría:mobiliario:Sillas,,new,no,Beige,,,,,,,,,,,,,,,mob-sillas-louis-xv,,,
mob-sillas-silla-mariantonieta,Renta Silla Mariantonieta,"Renta de Silla Mariantonieta para eventos con Bodasesor. Colores: Negro, Natural, Caoba | Oval tapizado. Precio mínimo de salida desde $3500.00 MXN. Precio de renta de referencia: $200.00 MXN. Disponible en CDMX y zona metropolitana.",in_stock,,,https://bodasesor.com/sillas/mariantonieta,https://bodasesor.com/sillas/mariantonieta,https://bodasesor.com/images/mesas/silla-mariantonieta.jpg,200.00 MXN,,,no,,,Bodasesor,"""Renta de mobiliario"", ""Categoría Sillas"", ""CDMX y zona metropolitana""",Categoría:mobiliario:Sillas,,new,no,,,,,,,,,,,,,,,,mob-sillas-mariantonieta,,,
mob-sillas-sillon-de-novios,Renta Sillón de Novios,Renta de Sillón de Novios para eventos con Bodasesor. Color: Beige/Crema | Mesa principal boda. Precio mínimo de salida desde $3500.00 MXN. Precio de renta de referencia: $610.00 MXN. Disponible en CDMX y zona metropolitana.,in_stock,,,https://bodasesor.com/sillas/sillon-novios,https://bodasesor.com/sillas/sillon-novios,https://bodasesor.com/images/mesas/sillon-novios.jpg,610.00 MXN,,,no,,,Bodasesor,"""Renta de mobiliario"", ""Categoría Sillas"", ""CDMX y zona metropolitana""",Categoría:mobiliario:Sillas,,new,no,Beige/Crema,,,,,,,,,,,,,,,mob-sillas-sillon-novios,,,
mob-sillas-silla-tiffany,Renta Silla Tiffany,"Renta de Silla Tiffany para eventos con Bodasesor. Colores: Blanco, Negro, Chocolate, Gris, Dorado. Precio mínimo de salida desde $3500.00 MXN. Precio de renta de referencia: $45.00 MXN. Disponible en CDMX y zona metropolitana.",in_stock,,,https://bodasesor.com/sillas/tiffany,https://bodasesor.com/sillas/tiffany,https://bodasesor.com/images/mesas/silla-tiffany.jpg,45.00 MXN,,,no,,,Bodasesor,"""Renta de mobiliario"", ""Categoría Sillas"", ""CDMX y zona metropolitana""",Categoría:mobiliario:Sillas,,new,no,,,,,,,,,,,,,,,,mob-sillas-tiffany,,,
mob-sillas-silla-tiffany-infantil,Renta Silla Tiffany Infantil,Renta de Silla Tiffany Infantil para eventos con Bodasesor. Color: Blanco | Tamaño para niños. Precio mínimo de salida desde $3500.00 MXN. Precio de renta de referencia: $25.00 MXN. Disponible en CDMX y zona metropolitana.,in_stock,,,https://bodasesor.com/sillas/tiffany-infantil,https://bodasesor.com/sillas/tiffany-infantil,https://bodasesor.com/images/mesas/silla-tiffany-infantil.jpg,25.00 MXN,,,no,,,Bodasesor,"""Renta de mobiliario"", ""Categoría Sillas"", ""CDMX y zona metropolitana""",Categoría:mobiliario:Sillas,,new,no,Blanco,,,,,,,,,,,,,,,mob-sillas-tiffany-infantil,,,
mob-sillas-silla-ghost,Renta Silla Ghost,Renta de Silla Ghost para eventos con Bodasesor. Transparente | Acrílico contemporáneo. Precio mínimo de salida desde $3500.00 MXN. Precio de renta de referencia: $150.00 MXN. Disponible en CDMX y zona metropolitana.,in_stock,,,https://bodasesor.com/sillas/ghost,https://bodasesor.com/sillas/ghost,https://bodasesor.com/images/mesas/silla-ghost.jpg,150.00 MXN,,,no,,,Bodasesor,"""Renta de mobiliario"", ""Categoría Sillas"", ""CDMX y zona metropolitana""",Categoría:mobiliario:Sillas,,new,no,,,,,,,,,,,,,,,,mob-sillas-ghost,,,
mob-sillas-silla-gamma-arena,Renta Silla Gamma Arena,Renta de Silla Gamma Arena para eventos con Bodasesor. Color: Arena | Estructura dorada. Precio mínimo de salida desde $3500.00 MXN. Precio de renta de referencia: $170.00 MXN. Disponible en CDMX y zona metropolitana.,in_stock,,,https://bodasesor.com/sillas/gamma,https://bodasesor.com/sillas/gamma,https://bodasesor.com/images/instagram/ig104.jpg,170.00 MXN,,,no,,,Bodasesor,"""Renta de mobiliario"", ""Categoría Sillas"", ""CDMX y zona metropolitana""",Categoría:mobiliario:Sillas,,new,no,Arena,,,,,,,,,,,,,,,mob-sillas-gamma,,,
ali-banquete-formal-3-tiempos-solo-alimentos,Banquete Formal 3 tiempos — Solo Alimentos,Banquete Formal 3 tiempos — Solo Alimentos de Bodasesor para eventos en CDMX y área metropolitana. Precio mínimo de salida desde $13500.00 MXN. Precio unitario de referencia: $450.00 MXN. Cotiza disponibilidad y montaje en bodasesor.com.,in_stock,,,https://bodasesor.com/catalogos/banquete-formal,https://bodasesor.com/catalogos/banquete-formal,https://bodasesor.com/images/banquete-hero.png,450.00 MXN,,,no,,,Bodasesor,"""Servicio de alimentos Bodasesor"", ""Nivel Solo Alimentos"", ""Disponible en CDMX""",Categoría:alimentos:Banquete Formal 3 tiempos,,new,no,,,,,,,,,,,,,,,,ali-banquete-formal-3-tiempos,,,
ali-banquete-formal-3-tiempos-basico,Banquete Formal 3 tiempos — Basico,Banquete Formal 3 tiempos — Basico de Bodasesor para eventos en CDMX y área metropolitana. Precio mínimo de salida desde $23400.00 MXN. Precio unitario de referencia: $780.00 MXN. Cotiza disponibilidad y montaje en bodasesor.com.,in_stock,,,https://bodasesor.com/catalogos/banquete-formal,https://bodasesor.com/catalogos/banquete-formal,https://bodasesor.com/images/banquete-hero.png,780.00 MXN,,,no,,,Bodasesor,"""Servicio de alimentos Bodasesor"", ""Nivel Basico"", ""Disponible en CDMX""",Categoría:alimentos:Banquete Formal 3 tiempos,,new,no,,,,,,,,,,,,,,,,ali-banquete-formal-3-tiempos,,,
ali-banquete-formal-3-tiempos-tradicional,Banquete Formal 3 tiempos — Tradicional,Banquete Formal 3 tiempos — Tradicional de Bodasesor para eventos en CDMX y área metropolitana. Precio mínimo de salida desde $24900.00 MXN. Precio unitario de referencia: $830.00 MXN. Cotiza disponibilidad y montaje en bodasesor.com.,in_stock,,,https://bodasesor.com/catalogos/banquete-formal,https://bodasesor.com/catalogos/banquete-formal,https://bodasesor.com/images/banquete-hero.png,830.00 MXN,,,no,,,Bodasesor,"""Servicio de alimentos Bodasesor"", ""Nivel Tradicional"", ""Disponible en CDMX""",Categoría:alimentos:Banquete Formal 3 tiempos,,new,no,,,,,,,,,,,,,,,,ali-banquete-formal-3-tiempos,,,
ali-banquete-formal-3-tiempos-premium,Banquete Formal 3 tiempos — Premium,Banquete Formal 3 tiempos — Premium de Bodasesor para eventos en CDMX y área metropolitana. Precio mínimo de salida desde $26400.00 MXN. Precio unitario de referencia: $880.00 MXN. Cotiza disponibilidad y montaje en bodasesor.com.,in_stock,,,https://bodasesor.com/catalogos/banquete-formal,https://bodasesor.com/catalogos/banquete-formal,https://bodasesor.com/images/banquete-hero.png,880.00 MXN,,,no,,,Bodasesor,"""Servicio de alimentos Bodasesor"", ""Nivel Premium"", ""Disponible en CDMX""",Categoría:alimentos:Banquete Formal 3 tiempos,,new,no,,,,,,,,,,,,,,,,ali-banquete-formal-3-tiempos,,,
ali-banquete-formal-4-tiempos-solo-alimentos,Banquete Formal 4 tiempos — Solo Alimentos,Banquete Formal 4 tiempos — Solo Alimentos de Bodasesor para eventos en CDMX y área metropolitana. Precio mínimo de salida desde $15000.00 MXN. Precio unitario de referencia: $500.00 MXN. Cotiza disponibilidad y montaje en bodasesor.com.,in_stock,,,https://bodasesor.com/catalogos/banquete-formal,https://bodasesor.com/catalogos/banquete-formal,https://bodasesor.com/images/banquete-hero.png,500.00 MXN,,,no,,,Bodasesor,"""Servicio de alimentos Bodasesor"", ""Nivel Solo Alimentos"", ""Disponible en CDMX""",Categoría:alimentos:Banquete Formal 4 tiempos,,new,no,,,,,,,,,,,,,,,,ali-banquete-formal-4-tiempos,,,
ali-banquete-formal-4-tiempos-basico,Banquete Formal 4 tiempos — Basico,Banquete Formal 4 tiempos — Basico de Bodasesor para eventos en CDMX y área metropolitana. Precio mínimo de salida desde $24900.00 MXN. Precio unitario de referencia: $830.00 MXN. Cotiza disponibilidad y montaje en bodasesor.com.,in_stock,,,https://bodasesor.com/catalogos/banquete-formal,https://bodasesor.com/catalogos/banquete-formal,https://bodasesor.com/images/banquete-hero.png,830.00 MXN,,,no,,,Bodasesor,"""Servicio de alimentos Bodasesor"", ""Nivel Basico"", ""Disponible en CDMX""",Categoría:alimentos:Banquete Formal 4 tiempos,,new,no,,,,,,,,,,,,,,,,ali-banquete-formal-4-tiempos,,,
ali-banquete-formal-4-tiempos-tradicional,Banquete Formal 4 tiempos — Tradicional,Banquete Formal 4 tiempos — Tradicional de Bodasesor para eventos en CDMX y área metropolitana. Precio mínimo de salida desde $26400.00 MXN. Precio unitario de referencia: $880.00 MXN. Cotiza disponibilidad y montaje en bodasesor.com.,in_stock,,,https://bodasesor.com/catalogos/banquete-formal,https://bodasesor.com/catalogos/banquete-formal,https://bodasesor.com/images/banquete-hero.png,880.00 MXN,,,no,,,Bodasesor,"""Servicio de alimentos Bodasesor"", ""Nivel Tradicional"", ""Disponible en CDMX""",Categoría:alimentos:Banquete Formal 4 tiempos,,new,no,,,,,,,,,,,,,,,,ali-banquete-formal-4-tiempos,,,
ali-banquete-formal-4-tiempos-premium,Banquete Formal 4 tiempos — Premium,Banquete Formal 4 tiempos — Premium de Bodasesor para eventos en CDMX y área metropolitana. Precio mínimo de salida desde $27900.00 MXN. Precio unitario de referencia: $930.00 MXN. Cotiza disponibilidad y montaje en bodasesor.com.,in_stock,,,https://bodasesor.com/catalogos/banquete-formal,https://bodasesor.com/catalogos/banquete-formal,https://bodasesor.com/images/banquete-hero.png,930.00 MXN,,,no,,,Bodasesor,"""Servicio de alimentos Bodasesor"", ""Nivel Premium"", ""Disponible en CDMX""",Categoría:alimentos:Banquete Formal 4 tiempos,,new,no,,,,,,,,,,,,,,,,ali-banquete-formal-4-tiempos,,,
ali-banquete-kosher-3-tiempos-solo-alimentos,Banquete Kosher 3 tiempos — Solo Alimentos,Banquete Kosher 3 tiempos — Solo Alimentos de Bodasesor para eventos en CDMX y área metropolitana. Precio mínimo de salida desde $24000.00 MXN. Precio unitario de referencia: $800.00 MXN. Cotiza disponibilidad y montaje en bodasesor.com.,in_stock,,,https://bodasesor.com/catalogos/banquete-kosher,https://bodasesor.com/catalogos/banquete-kosher,https://bodasesor.com/images/banquete-kosher-hero.png,800.00 MXN,,,no,,,Bodasesor,"""Servicio de alimentos Bodasesor"", ""Nivel Solo Alimentos"", ""Disponible en CDMX""",Categoría:alimentos:Banquete Kosher 3 tiempos,,new,no,,,,,,,,,,,,,,,,ali-banquete-kosher-3-tiempos,,,
ali-banquete-kosher-3-tiempos-basico,Banquete Kosher 3 tiempos — Basico,Banquete Kosher 3 tiempos — Basico de Bodasesor para eventos en CDMX y área metropolitana. Precio mínimo de salida desde $35100.00 MXN. Precio unitario de referencia: $1170.00 MXN. Cotiza disponibilidad y montaje en bodasesor.com.,in_stock,,,https://bodasesor.com/catalogos/banquete-kosher,https://bodasesor.com/catalogos/banquete-kosher,https://bodasesor.com/images/banquete-kosher-hero.png,1170.00 MXN,,,no,,,Bodasesor,"""Servicio de alimentos Bodasesor"", ""Nivel Basico"", ""Disponible en CDMX""",Categoría:alimentos:Banquete Kosher 3 tiempos,,new,no,,,,,,,,,,,,,,,,ali-banquete-kosher-3-tiempos,,,
ali-banquete-kosher-3-tiempos-tradicional,Banquete Kosher 3 tiempos — Tradicional,Banquete Kosher 3 tiempos — Tradicional de Bodasesor para eventos en CDMX y área metropolitana. Precio mínimo de salida desde $39900.00 MXN. Precio unitario de referencia: $1330.00 MXN. Cotiza disponibilidad y montaje en bodasesor.com.,in_stock,,,https://bodasesor.com/catalogos/banquete-kosher,https://bodasesor.com/catalogos/banquete-kosher,https://bodasesor.com/images/banquete-kosher-hero.png,1330.00 MXN,,,no,,,Bodasesor,"""Servicio de alimentos Bodasesor"", ""Nivel Tradicional"", ""Disponible en CDMX""",Categoría:alimentos:Banquete Kosher 3 tiempos,,new,no,,,,,,,,,,,,,,,,ali-banquete-kosher-3-tiempos,,,
ali-banquete-kosher-3-tiempos-premium,Banquete Kosher 3 tiempos — Premium,Banquete Kosher 3 tiempos — Premium de Bodasesor para eventos en CDMX y área metropolitana. Precio mínimo de salida desde $42900.00 MXN. Precio unitario de referencia: $1430.00 MXN. Cotiza disponibilidad y montaje en bodasesor.com.,in_stock,,,https://bodasesor.com/catalogos/banquete-kosher,https://bodasesor.com/catalogos/banquete-kosher,https://bodasesor.com/images/banquete-kosher-hero.png,1430.00 MXN,,,no,,,Bodasesor,"""Servicio de alimentos Bodasesor"", ""Nivel Premium"", ""Disponible en CDMX""",Categoría:alimentos:Banquete Kosher 3 tiempos,,new,no,,,,,,,,,,,,,,,,ali-banquete-kosher-3-tiempos,,,
ali-banquete-kosher-4-tiempos-solo-alimentos,Banquete Kosher 4 tiempos — Solo Alimentos,Banquete Kosher 4 tiempos — Solo Alimentos de Bodasesor para eventos en CDMX y área metropolitana. Precio mínimo de salida desde $25500.00 MXN. Precio unitario de referencia: $850.00 MXN. Cotiza disponibilidad y montaje en bodasesor.com.,in_stock,,,https://bodasesor.com/catalogos/banquete-kosher,https://bodasesor.com/catalogos/banquete-kosher,https://bodasesor.com/images/banquete-kosher-hero.png,850.00 MXN,,,no,,,Bodasesor,"""Servicio de alimentos Bodasesor"", ""Nivel Solo Alimentos"", ""Disponible en CDMX""",Categoría:alimentos:Banquete Kosher 4 tiempos,,new,no,,,,,,,,,,,,,,,,ali-banquete-kosher-4-tiempos,,,
ali-banquete-kosher-4-tiempos-basico,Banquete Kosher 4 tiempos — Basico,Banquete Kosher 4 tiempos — Basico de Bodasesor para eventos en CDMX y área metropolitana. Precio mínimo de salida desde $37500.00 MXN. Precio unitario de referencia: $1250.00 MXN. Cotiza disponibilidad y montaje en bodasesor.com.,in_stock,,,https://bodasesor.com/catalogos/banquete-kosher,https://bodasesor.com/catalogos/banquete-kosher,https://bodasesor.com/images/banquete-kosher-hero.png,1250.00 MXN,,,no,,,Bodasesor,"""Servicio de alimentos Bodasesor"", ""Nivel Basico"", ""Disponible en CDMX""",Categoría:alimentos:Banquete Kosher 4 tiempos,,new,no,,,,,,,,,,,,,,,,ali-banquete-kosher-4-tiempos,,,
ali-banquete-kosher-4-tiempos-tradicional,Banquete Kosher 4 tiempos — Tradicional,Banquete Kosher 4 tiempos — Tradicional de Bodasesor para eventos en CDMX y área metropolitana. Precio mínimo de salida desde $42900.00 MXN. Precio unitario de referencia: $1430.00 MXN. Cotiza disponibilidad y montaje en bodasesor.com.,in_stock,,,https://bodasesor.com/catalogos/banquete-kosher,https://bodasesor.com/catalogos/banquete-kosher,https://bodasesor.com/images/banquete-kosher-hero.png,1430.00 MXN,,,no,,,Bodasesor,"""Servicio de alimentos Bodasesor"", ""Nivel Tradicional"", ""Disponible en CDMX""",Categoría:alimentos:Banquete Kosher 4 tiempos,,new,no,,,,,,,,,,,,,,,,ali-banquete-kosher-4-tiempos,,,
ali-banquete-kosher-4-tiempos-premium,Banquete Kosher 4 tiempos — Premium,Banquete Kosher 4 tiempos — Premium de Bodasesor para eventos en CDMX y área metropolitana. Precio mínimo de salida desde $45000.00 MXN. Precio unitario de referencia: $1500.00 MXN. Cotiza disponibilidad y montaje en bodasesor.com.,in_stock,,,https://bodasesor.com/catalogos/banquete-kosher,https://bodasesor.com/catalogos/banquete-kosher,https://bodasesor.com/images/banquete-kosher-hero.png,1500.00 MXN,,,no,,,Bodasesor,"""Servicio de alimentos Bodasesor"", ""Nivel Premium"", ""Disponible en CDMX""",Categoría:alimentos:Banquete Kosher 4 tiempos,,new,no,,,,,,,,,,,,,,,,ali-banquete-kosher-4-tiempos,,,
ali-banquete-kosher-buffet-buffet,Banquete Kosher Buffet — Buffet,Banquete Kosher Buffet — Buffet de Bodasesor para eventos en CDMX y área metropolitana. Precio mínimo de salida desde $60000.00 MXN. Precio unitario de referencia: $2000.00 MXN. Cotiza disponibilidad y montaje en bodasesor.com.,in_stock,,,https://bodasesor.com/catalogos/banquete-kosher,https://bodasesor.com/catalogos/banquete-kosher,https://bodasesor.com/images/banquete-kosher-hero.png,2000.00 MXN,,,no,,,Bodasesor,"""Servicio de alimentos Bodasesor"", ""Nivel Buffet"", ""Disponible en CDMX""",Categoría:alimentos:Banquete Kosher Buffet,,new,no,,,,,,,,,,,,,,,,ali-banquete-kosher-buffet,,,
ali-banquete-mexicano-3-tiempos-solo-alimentos,Banquete Mexicano 3 tiempos — Solo Alimentos,Banquete Mexicano 3 tiempos — Solo Alimentos de Bodasesor para eventos en CDMX y área metropolitana. Precio mínimo de salida desde $13500.00 MXN. Precio unitario de referencia: $450.00 MXN. Cotiza disponibilidad y montaje en bodasesor.com.,in_stock,,,https://bodasesor.com/catalogos/banquete-mexicano,https://bodasesor.com/catalogos/banquete-mexicano,https://bodasesor.com/images/banquete-mexicano-hero.png,450.00 MXN,,,no,,,Bodasesor,"""Servicio de alimentos Bodasesor"", ""Nivel Solo Alimentos"", ""Disponible en CDMX""",Categoría:alimentos:Banquete Mexicano 3 tiempos,,new,no,,,,,,,,,,,,,,,,ali-banquete-mexicano-3-tiempos,,,
ali-banquete-mexicano-3-tiempos-basico,Banquete Mexicano 3 tiempos — Basico,Banquete Mexicano 3 tiempos — Basico de Bodasesor para eventos en CDMX y área metropolitana. Precio mínimo de salida desde $23400.00 MXN. Precio unitario de referencia: $780.00 MXN. Cotiza disponibilidad y montaje en bodasesor.com.,in_stock,,,https://bodasesor.com/catalogos/banquete-mexicano,https://bodasesor.com/catalogos/banquete-mexicano,https://bodasesor.com/images/banquete-mexicano-hero.png,780.00 MXN,,,no,,,Bodasesor,"""Servicio de alimentos Bodasesor"", ""Nivel Basico"", ""Disponible en CDMX""",Categoría:alimentos:Banquete Mexicano 3 tiempos,,new,no,,,,,,,,,,,,,,,,ali-banquete-mexicano-3-tiempos,,,
ali-banquete-mexicano-3-tiempos-tradicional,Banquete Mexicano 3 tiempos — Tradicional,Banquete Mexicano 3 tiempos — Tradicional de Bodasesor para eventos en CDMX y área metropolitana. Precio mínimo de salida desde $24900.00 MXN. Precio unitario de referencia: $830.00 MXN. Cotiza disponibilidad y montaje en bodasesor.com.,in_stock,,,https://bodasesor.com/catalogos/banquete-mexicano,https://bodasesor.com/catalogos/banquete-mexicano,https://bodasesor.com/images/banquete-mexicano-hero.png,830.00 MXN,,,no,,,Bodasesor,"""Servicio de alimentos Bodasesor"", ""Nivel Tradicional"", ""Disponible en CDMX""",Categoría:alimentos:Banquete Mexicano 3 tiempos,,new,no,,,,,,,,,,,,,,,,ali-banquete-mexicano-3-tiempos,,,
ali-banquete-mexicano-3-tiempos-premium,Banquete Mexicano 3 tiempos — Premium,Banquete Mexicano 3 tiempos — Premium de Bodasesor para eventos en CDMX y área metropolitana. Precio mínimo de salida desde $26400.00 MXN. Precio unitario de referencia: $880.00 MXN. Cotiza disponibilidad y montaje en bodasesor.com.,in_stock,,,https://bodasesor.com/catalogos/banquete-mexicano,https://bodasesor.com/catalogos/banquete-mexicano,https://bodasesor.com/images/banquete-mexicano-hero.png,880.00 MXN,,,no,,,Bodasesor,"""Servicio de alimentos Bodasesor"", ""Nivel Premium"", ""Disponible en CDMX""",Categoría:alimentos:Banquete Mexicano 3 tiempos,,new,no,,,,,,,,,,,,,,,,ali-banquete-mexicano-3-tiempos,,,
ali-banquete-mexicano-4-tiempos-solo-alimentos,Banquete Mexicano 4 tiempos — Solo Alimentos,Banquete Mexicano 4 tiempos — Solo Alimentos de Bodasesor para eventos en CDMX y área metropolitana. Precio mínimo de salida desde $15000.00 MXN. Precio unitario de referencia: $500.00 MXN. Cotiza disponibilidad y montaje en bodasesor.com.,in_stock,,,https://bodasesor.com/catalogos/banquete-mexicano,https://bodasesor.com/catalogos/banquete-mexicano,https://bodasesor.com/images/banquete-mexicano-hero.png,500.00 MXN,,,no,,,Bodasesor,"""Servicio de alimentos Bodasesor"", ""Nivel Solo Alimentos"", ""Disponible en CDMX""",Categoría:alimentos:Banquete Mexicano 4 tiempos,,new,no,,,,,,,,,,,,,,,,ali-banquete-mexicano-4-tiempos,,,
ali-banquete-mexicano-4-tiempos-basico,Banquete Mexicano 4 tiempos — Basico,Banquete Mexicano 4 tiempos — Basico de Bodasesor para eventos en CDMX y área metropolitana. Precio mínimo de salida desde $24900.00 MXN. Precio unitario de referencia: $830.00 MXN. Cotiza disponibilidad y montaje en bodasesor.com.,in_stock,,,https://bodasesor.com/catalogos/banquete-mexicano,https://bodasesor.com/catalogos/banquete-mexicano,https://bodasesor.com/images/banquete-mexicano-hero.png,830.00 MXN,,,no,,,Bodasesor,"""Servicio de alimentos Bodasesor"", ""Nivel Basico"", ""Disponible en CDMX""",Categoría:alimentos:Banquete Mexicano 4 tiempos,,new,no,,,,,,,,,,,,,,,,ali-banquete-mexicano-4-tiempos,,,
ali-banquete-mexicano-4-tiempos-tradicional,Banquete Mexicano 4 tiempos — Tradicional,Banquete Mexicano 4 tiempos — Tradicional de Bodasesor para eventos en CDMX y área metropolitana. Precio mínimo de salida desde $26400.00 MXN. Precio unitario de referencia: $880.00 MXN. Cotiza disponibilidad y montaje en bodasesor.com.,in_stock,,,https://bodasesor.com/catalogos/banquete-mexicano,https://bodasesor.com/catalogos/banquete-mexicano,https://bodasesor.com/images/banquete-mexicano-hero.png,880.00 MXN,,,no,,,Bodasesor,"""Servicio de alimentos Bodasesor"", ""Nivel Tradicional"", ""Disponible en CDMX""",Categoría:alimentos:Banquete Mexicano 4 tiempos,,new,no,,,,,,,,,,,,,,,,ali-banquete-mexicano-4-tiempos,,,
ali-banquete-mexicano-4-tiempos-premium,Banquete Mexicano 4 tiempos — Premium,Banquete Mexicano 4 tiempos — Premium de Bodasesor para eventos en CDMX y área metropolitana. Precio mínimo de salida desde $27900.00 MXN. Precio unitario de referencia: $930.00 MXN. Cotiza disponibilidad y montaje en bodasesor.com.,in_stock,,,https://bodasesor.com/catalogos/banquete-mexicano,https://bodasesor.com/catalogos/banquete-mexicano,https://bodasesor.com/images/banquete-mexicano-hero.png,930.00 MXN,,,no,,,Bodasesor,"""Servicio de alimentos Bodasesor"", ""Nivel Premium"", ""Disponible en CDMX""",Categoría:alimentos:Banquete Mexicano 4 tiempos,,new,no,,,,,,,,,,,,,,,,ali-banquete-mexicano-4-tiempos,,,
ali-banquete-navidenos-3-tiempos-solo-alimentos,Banquete Navideños 3 tiempos — Solo Alimentos,Banquete Navideños 3 tiempos — Solo Alimentos de Bodasesor para eventos en CDMX y área metropolitana. Precio mínimo de salida desde $13500.00 MXN. Precio unitario de referencia: $450.00 MXN. Cotiza disponibilidad y montaje en bodasesor.com.,in_stock,,,https://bodasesor.com/catalogos/banquete-navideno,https://bodasesor.com/catalogos/banquete-navideno,https://bodasesor.com/images/banquete-navideno-hero.png,450.00 MXN,,,no,,,Bodasesor,"""Servicio de alimentos Bodasesor"", ""Nivel Solo Alimentos"", ""Disponible en CDMX""",Categoría:alimentos:Banquete Navideños 3 tiempos,,new,no,,,,,,,,,,,,,,,,ali-banquete-navidenos-3-tiempos,,,
ali-banquete-navidenos-3-tiempos-basico,Banquete Navideños 3 tiempos — Basico,Banquete Navideños 3 tiempos — Basico de Bodasesor para eventos en CDMX y área metropolitana. Precio mínimo de salida desde $23400.00 MXN. Precio unitario de referencia: $780.00 MXN. Cotiza disponibilidad y montaje en bodasesor.com.,in_stock,,,https://bodasesor.com/catalogos/banquete-navideno,https://bodasesor.com/catalogos/banquete-navideno,https://bodasesor.com/images/banquete-navideno-hero.png,780.00 MXN,,,no,,,Bodasesor,"""Servicio de alimentos Bodasesor"", ""Nivel Basico"", ""Disponible en CDMX""",Categoría:alimentos:Banquete Navideños 3 tiempos,,new,no,,,,,,,,,,,,,,,,ali-banquete-navidenos-3-tiempos,,,
ali-banquete-navidenos-3-tiempos-tradicional,Banquete Navideños 3 tiempos — Tradicional,Banquete Navideños 3 tiempos — Tradicional de Bodasesor para eventos en CDMX y área metropolitana. Precio mínimo de salida desde $24900.00 MXN. Precio unitario de referencia: $830.00 MXN. Cotiza disponibilidad y montaje en bodasesor.com.,in_stock,,,https://bodasesor.com/catalogos/banquete-navideno,https://bodasesor.com/catalogos/banquete-navideno,https://bodasesor.com/images/banquete-navideno-hero.png,830.00 MXN,,,no,,,Bodasesor,"""Servicio de alimentos Bodasesor"", ""Nivel Tradicional"", ""Disponible en CDMX""",Categoría:alimentos:Banquete Navideños 3 tiempos,,new,no,,,,,,,,,,,,,,,,ali-banquete-navidenos-3-tiempos,,,
ali-banquete-navidenos-3-tiempos-premium,Banquete Navideños 3 tiempos — Premium,Banquete Navideños 3 tiempos — Premium de Bodasesor para eventos en CDMX y área metropolitana. Precio mínimo de salida desde $26400.00 MXN. Precio unitario de referencia: $880.00 MXN. Cotiza disponibilidad y montaje en bodasesor.com.,in_stock,,,https://bodasesor.com/catalogos/banquete-navideno,https://bodasesor.com/catalogos/banquete-navideno,https://bodasesor.com/images/banquete-navideno-hero.png,880.00 MXN,,,no,,,Bodasesor,"""Servicio de alimentos Bodasesor"", ""Nivel Premium"", ""Disponible en CDMX""",Categoría:alimentos:Banquete Navideños 3 tiempos,,new,no,,,,,,,,,,,,,,,,ali-banquete-navidenos-3-tiempos,,,
ali-banquete-navidenos-4-tiempos-solo-alimentos,Banquete Navideños 4 tiempos — Solo Alimentos,Banquete Navideños 4 tiempos — Solo Alimentos de Bodasesor para eventos en CDMX y área metropolitana. Precio mínimo de salida desde $15000.00 MXN. Precio unitario de referencia: $500.00 MXN. Cotiza disponibilidad y montaje en bodasesor.com.,in_stock,,,https://bodasesor.com/catalogos/banquete-navideno,https://bodasesor.com/catalogos/banquete-navideno,https://bodasesor.com/images/banquete-navideno-hero.png,500.00 MXN,,,no,,,Bodasesor,"""Servicio de alimentos Bodasesor"", ""Nivel Solo Alimentos"", ""Disponible en CDMX""",Categoría:alimentos:Banquete Navideños 4 tiempos,,new,no,,,,,,,,,,,,,,,,ali-banquete-navidenos-4-tiempos,,,
ali-banquete-navidenos-4-tiempos-basico,Banquete Navideños 4 tiempos — Basico,Banquete Navideños 4 tiempos — Basico de Bodasesor para eventos en CDMX y área metropolitana. Precio mínimo de salida desde $24900.00 MXN. Precio unitario de referencia: $830.00 MXN. Cotiza disponibilidad y montaje en bodasesor.com.,in_stock,,,https://bodasesor.com/catalogos/banquete-navideno,https://bodasesor.com/catalogos/banquete-navideno,https://bodasesor.com/images/banquete-navideno-hero.png,830.00 MXN,,,no,,,Bodasesor,"""Servicio de alimentos Bodasesor"", ""Nivel Basico"", ""Disponible en CDMX""",Categoría:alimentos:Banquete Navideños 4 tiempos,,new,no,,,,,,,,,,,,,,,,ali-banquete-navidenos-4-tiempos,,,
ali-banquete-navidenos-4-tiempos-tradicional,Banquete Navideños 4 tiempos — Tradicional,Banquete Navideños 4 tiempos — Tradicional de Bodasesor para eventos en CDMX y área metropolitana. Precio mínimo de salida desde $26400.00 MXN. Precio unitario de referencia: $880.00 MXN. Cotiza disponibilidad y montaje en bodasesor.com.,in_stock,,,https://bodasesor.com/catalogos/banquete-navideno,https://bodasesor.com/catalogos/banquete-navideno,https://bodasesor.com/images/banquete-navideno-hero.png,880.00 MXN,,,no,,,Bodasesor,"""Servicio de alimentos Bodasesor"", ""Nivel Tradicional"", ""Disponible en CDMX""",Categoría:alimentos:Banquete Navideños 4 tiempos,,new,no,,,,,,,,,,,,,,,,ali-banquete-navidenos-4-tiempos,,,
ali-banquete-navidenos-4-tiempos-premium,Banquete Navideños 4 tiempos — Premium,Banquete Navideños 4 tiempos — Premium de Bodasesor para eventos en CDMX y área metropolitana. Precio mínimo de salida desde $27900.00 MXN. Precio unitario de referencia: $930.00 MXN. Cotiza disponibilidad y montaje en bodasesor.com.,in_stock,,,https://bodasesor.com/catalogos/banquete-navideno,https://bodasesor.com/catalogos/banquete-navideno,https://bodasesor.com/images/banquete-navideno-hero.png,930.00 MXN,,,no,,,Bodasesor,"""Servicio de alimentos Bodasesor"", ""Nivel Premium"", ""Disponible en CDMX""",Categoría:alimentos:Banquete Navideños 4 tiempos,,new,no,,,,,,,,,,,,,,,,ali-banquete-navidenos-4-tiempos,,,
ali-barra-americana-solo-alimentos,Barra Americana — Solo Alimentos,Barra Americana — Solo Alimentos de Bodasesor para eventos en CDMX y área metropolitana. Precio mínimo de salida desde $9900.00 MXN. Precio unitario de referencia: $330.00 MXN. Cotiza disponibilidad y montaje en bodasesor.com.,in_stock,,,https://bodasesor.com/catalogos/barra-americana,https://bodasesor.com/catalogos/barra-americana,https://bodasesor.com/images/productos/barra-americana.png,330.00 MXN,,,no,,,Bodasesor,"""Servicio de alimentos Bodasesor"", ""Nivel Solo Alimentos"", ""Disponible en CDMX""",Categoría:alimentos:Barra Americana,,new,no,,,,,,,,,,,,,,,,ali-barra-americana,,,
ali-barra-americana-basico,Barra Americana — Basico,Barra Americana — Basico de Bodasesor para eventos en CDMX y área metropolitana. Precio mínimo de salida desde $23400.00 MXN. Precio unitario de referencia: $780.00 MXN. Cotiza disponibilidad y montaje en bodasesor.com.,in_stock,,,https://bodasesor.com/catalogos/barra-americana,https://bodasesor.com/catalogos/barra-americana,https://bodasesor.com/images/productos/barra-americana.png,780.00 MXN,,,no,,,Bodasesor,"""Servicio de alimentos Bodasesor"", ""Nivel Basico"", ""Disponible en CDMX""",Categoría:alimentos:Barra Americana,,new,no,,,,,,,,,,,,,,,,ali-barra-americana,,,
ali-barra-americana-tradicional,Barra Americana — Tradicional,Barra Americana — Tradicional de Bodasesor para eventos en CDMX y área metropolitana. Precio mínimo de salida desde $24900.00 MXN. Precio unitario de referencia: $830.00 MXN. Cotiza disponibilidad y montaje en bodasesor.com.,in_stock,,,https://bodasesor.com/catalogos/barra-americana,https://bodasesor.com/catalogos/barra-americana,https://bodasesor.com/images/productos/barra-americana.png,830.00 MXN,,,no,,,Bodasesor,"""Servicio de alimentos Bodasesor"", ""Nivel Tradicional"", ""Disponible en CDMX""",Categoría:alimentos:Barra Americana,,new,no,,,,,,,,,,,,,,,,ali-barra-americana,,,
ali-barra-americana-premium,Barra Americana — Premium,Barra Americana — Premium de Bodasesor para eventos en CDMX y área metropolitana. Precio mínimo de salida desde $26400.00 MXN. Precio unitario de referencia: $880.00 MXN. Cotiza disponibilidad y montaje en bodasesor.com.,in_stock,,,https://bodasesor.com/catalogos/barra-americana,https://bodasesor.com/catalogos/barra-americana,https://bodasesor.com/images/productos/barra-americana.png,880.00 MXN,,,no,,,Bodasesor,"""Servicio de alimentos Bodasesor"", ""Nivel Premium"", ""Disponible en CDMX""",Categoría:alimentos:Barra Americana,,new,no,,,,,,,,,,,,,,,,ali-barra-americana,,,
ali-barra-de-bebidas-basica,Barra de bebidas — Basica,Barra de bebidas — Basica de Bodasesor para eventos en CDMX y área metropolitana. Precio mínimo de salida desde $4500.00 MXN. Precio unitario de referencia: $150.00 MXN. Cotiza disponibilidad y montaje en bodasesor.com.,in_stock,,,https://bodasesor.com/catalogos/barra-de-bebidas,https://bodasesor.com/catalogos/barra-de-bebidas,https://bodasesor.com/images/productos/barra-bebidas.png,150.00 MXN,,,no,,,Bodasesor,"""Servicio de alimentos Bodasesor"", ""Nivel Basica"", ""Disponible en CDMX""",Categoría:alimentos:Barra de bebidas,,new,no,,,,,,,,,,,,,,,,ali-barra-de-bebidas,,,
ali-barra-de-bebidas-tradicional,Barra de bebidas — Tradicional,Barra de bebidas — Tradicional de Bodasesor para eventos en CDMX y área metropolitana. Precio mínimo de salida desde $5400.00 MXN. Precio unitario de referencia: $180.00 MXN. Cotiza disponibilidad y montaje en bodasesor.com.,in_stock,,,https://bodasesor.com/catalogos/barra-de-bebidas,https://bodasesor.com/catalogos/barra-de-bebidas,https://bodasesor.com/images/productos/barra-bebidas.png,180.00 MXN,,,no,,,Bodasesor,"""Servicio de alimentos Bodasesor"", ""Nivel Tradicional"", ""Disponible en CDMX""",Categoría:alimentos:Barra de bebidas,,new,no,,,,,,,,,,,,,,,,ali-barra-de-bebidas,,,
ali-barra-de-bebidas-premium,Barra de bebidas — Premium,Barra de bebidas — Premium de Bodasesor para eventos en CDMX y área metropolitana. Precio mínimo de salida desde $6000.00 MXN. Precio unitario de referencia: $200.00 MXN. Cotiza disponibilidad y montaje en bodasesor.com.,in_stock,,,https://bodasesor.com/catalogos/barra-de-bebidas,https://bodasesor.com/catalogos/barra-de-bebidas,https://bodasesor.com/images/productos/barra-bebidas.png,200.00 MXN,,,no,,,Bodasesor,"""Servicio de alimentos Bodasesor"", ""Nivel Premium"", ""Disponible en CDMX""",Categoría:alimentos:Barra de bebidas,,new,no,,,,,,,,,,,,,,,,ali-barra-de-bebidas,,,
ali-barra-de-bebidas-con-alcohol-basica,Barra de bebidas con Alcohol — Basica,Barra de bebidas con Alcohol — Basica de Bodasesor para eventos en CDMX y área metropolitana. Precio mínimo de salida desde $11100.00 MXN. Precio unitario de referencia: $370.00 MXN. Cotiza disponibilidad y montaje en bodasesor.com.,in_stock,,,https://bodasesor.com/catalogos/barra-de-bebidas,https://bodasesor.com/catalogos/barra-de-bebidas,https://bodasesor.com/images/productos/barra-bebidas.png,370.00 MXN,,,no,,,Bodasesor,"""Servicio de alimentos Bodasesor"", ""Nivel Basica"", ""Disponible en CDMX""",Categoría:alimentos:Barra de bebidas con Alcohol,,new,no,,,,,,,,,,,,,,,,ali-barra-de-bebidas-con-alcohol,,,
ali-barra-de-bebidas-con-alcohol-tradicional,Barra de bebidas con Alcohol — Tradicional,Barra de bebidas con Alcohol — Tradicional de Bodasesor para eventos en CDMX y área metropolitana. Precio mínimo de salida desde $12300.00 MXN. Precio unitario de referencia: $410.00 MXN. Cotiza disponibilidad y montaje en bodasesor.com.,in_stock,,,https://bodasesor.com/catalogos/barra-de-bebidas,https://bodasesor.com/catalogos/barra-de-bebidas,https://bodasesor.com/images/productos/barra-bebidas.png,410.00 MXN,,,no,,,Bodasesor,"""Servicio de alimentos Bodasesor"", ""Nivel Tradicional"", ""Disponible en CDMX""",Categoría:alimentos:Barra de bebidas con Alcohol,,new,no,,,,,,,,,,,,,,,,ali-barra-de-bebidas-con-alcohol,,,
ali-barra-de-bebidas-con-alcohol-premium,Barra de bebidas con Alcohol — Premium,Barra de bebidas con Alcohol — Premium de Bodasesor para eventos en CDMX y área metropolitana. Precio mínimo de salida desde $18000.00 MXN. Precio unitario de referencia: $600.00 MXN. Cotiza disponibilidad y montaje en bodasesor.com.,in_stock,,,https://bodasesor.com/catalogos/barra-de-bebidas,https://bodasesor.com/catalogos/barra-de-bebidas,https://bodasesor.com/images/productos/barra-bebidas.png,600.00 MXN,,,no,,,Bodasesor,"""Servicio de alimentos Bodasesor"", ""Nivel Premium"", ""Disponible en CDMX""",Categoría:alimentos:Barra de bebidas con Alcohol,,new,no,,,,,,,,,,,,,,,,ali-barra-de-bebidas-con-alcohol,,,
ali-barra-de-cafe-barra-de-cafe,Barra de Café — Barra de Café,Barra de Café — Barra de Café de Bodasesor para eventos en CDMX y área metropolitana. Precio mínimo de salida desde $5400.00 MXN. Precio unitario de referencia: $180.00 MXN. Cotiza disponibilidad y montaje en bodasesor.com.,in_stock,,,https://bodasesor.com/catalogos/barra-de-cafe,https://bodasesor.com/catalogos/barra-de-cafe,https://bodasesor.com/images/productos/barra-cafe-premium.png,180.00 MXN,,,no,,,Bodasesor,"""Servicio de alimentos Bodasesor"", ""Nivel Barra de Café"", ""Disponible en CDMX""",Categoría:alimentos:Barra de Café,,new,no,,,,,,,,,,,,,,,,ali-barra-de-cafe,,,
ali-barra-de-crepas-solo-alimentos,Barra de Crepas — Solo Alimentos,Barra de Crepas — Solo Alimentos de Bodasesor para eventos en CDMX y área metropolitana. Precio mínimo de salida desde $8400.00 MXN. Precio unitario de referencia: $280.00 MXN. Cotiza disponibilidad y montaje en bodasesor.com.,in_stock,,,https://bodasesor.com/catalogos/barra-de-crepas,https://bodasesor.com/catalogos/barra-de-crepas,https://bodasesor.com/images/productos/barra-crepas.png,280.00 MXN,,,no,,,Bodasesor,"""Servicio de alimentos Bodasesor"", ""Nivel Solo Alimentos"", ""Disponible en CDMX""",Categoría:alimentos:Barra de Crepas,,new,no,,,,,,,,,,,,,,,,ali-barra-de-crepas,,,
ali-barra-de-crepas-basico,Barra de Crepas — Basico,Barra de Crepas — Basico de Bodasesor para eventos en CDMX y área metropolitana. Precio mínimo de salida desde $21900.00 MXN. Precio unitario de referencia: $730.00 MXN. Cotiza disponibilidad y montaje en bodasesor.com.,in_stock,,,https://bodasesor.com/catalogos/barra-de-crepas,https://bodasesor.com/catalogos/barra-de-crepas,https://bodasesor.com/images/productos/barra-crepas.png,730.00 MXN,,,no,,,Bodasesor,"""Servicio de alimentos Bodasesor"", ""Nivel Basico"", ""Disponible en CDMX""",Categoría:alimentos:Barra de Crepas,,new,no,,,,,,,,,,,,,,,,ali-barra-de-crepas,,,
ali-barra-de-crepas-tradicional,Barra de Crepas — Tradicional,Barra de Crepas — Tradicional de Bodasesor para eventos en CDMX y área metropolitana. Precio mínimo de salida desde $23400.00 MXN. Precio unitario de referencia: $780.00 MXN. Cotiza disponibilidad y montaje en bodasesor.com.,in_stock,,,https://bodasesor.com/catalogos/barra-de-crepas,https://bodasesor.com/catalogos/barra-de-crepas,https://bodasesor.com/images/productos/barra-crepas.png,780.00 MXN,,,no,,,Bodasesor,"""Servicio de alimentos Bodasesor"", ""Nivel Tradicional"", ""Disponible en CDMX""",Categoría:alimentos:Barra de Crepas,,new,no,,,,,,,,,,,,,,,,ali-barra-de-crepas,,,
ali-barra-de-crepas-premium,Barra de Crepas — Premium,Barra de Crepas — Premium de Bodasesor para eventos en CDMX y área metropolitana. Precio mínimo de salida desde $24900.00 MXN. Precio unitario de referencia: $830.00 MXN. Cotiza disponibilidad y montaje en bodasesor.com.,in_stock,,,https://bodasesor.com/catalogos/barra-de-crepas,https://bodasesor.com/catalogos/barra-de-crepas,https://bodasesor.com/images/productos/barra-crepas.png,830.00 MXN,,,no,,,Bodasesor,"""Servicio de alimentos Bodasesor"", ""Nivel Premium"", ""Disponible en CDMX""",Categoría:alimentos:Barra de Crepas,,new,no,,,,,,,,,,,,,,,,ali-barra-de-crepas,,,
ali-barra-de-mariscos-solo-alimentos,Barra de mariscos — Solo Alimentos,Barra de mariscos — Solo Alimentos de Bodasesor para eventos en CDMX y área metropolitana. Precio mínimo de salida desde $13500.00 MXN. Precio unitario de referencia: $450.00 MXN. Cotiza disponibilidad y montaje en bodasesor.com.,in_stock,,,https://bodasesor.com/catalogos/barra-de-mariscos,https://bodasesor.com/catalogos/barra-de-mariscos,https://bodasesor.com/images/productos/barra-mariscos.png,450.00 MXN,,,no,,,Bodasesor,"""Servicio de alimentos Bodasesor"", ""Nivel Solo Alimentos"", ""Disponible en CDMX""",Categoría:alimentos:Barra de mariscos,,new,no,,,,,,,,,,,,,,,,ali-barra-de-mariscos,,,
ali-barra-de-mariscos-basico,Barra de mariscos — Basico,Barra de mariscos — Basico de Bodasesor para eventos en CDMX y área metropolitana. Precio mínimo de salida desde $24000.00 MXN. Precio unitario de referencia: $800.00 MXN. Cotiza disponibilidad y montaje en bodasesor.com.,in_stock,,,https://bodasesor.com/catalogos/barra-de-mariscos,https://bodasesor.com/catalogos/barra-de-mariscos,https://bodasesor.com/images/productos/barra-mariscos.png,800.00 MXN,,,no,,,Bodasesor,"""Servicio de alimentos Bodasesor"", ""Nivel Basico"", ""Disponible en CDMX""",Categoría:alimentos:Barra de mariscos,,new,no,,,,,,,,,,,,,,,,ali-barra-de-mariscos,,,
ali-barra-de-mariscos-tradicional,Barra de mariscos — Tradicional,Barra de mariscos — Tradicional de Bodasesor para eventos en CDMX y área metropolitana. Precio mínimo de salida desde $25500.00 MXN. Precio unitario de referencia: $850.00 MXN. Cotiza disponibilidad y montaje en bodasesor.com.,in_stock,,,https://bodasesor.com/catalogos/barra-de-mariscos,https://bodasesor.com/catalogos/barra-de-mariscos,https://bodasesor.com/images/productos/barra-mariscos.png,850.00 MXN,,,no,,,Bodasesor,"""Servicio de alimentos Bodasesor"", ""Nivel Tradicional"", ""Disponible en CDMX""",Categoría:alimentos:Barra de mariscos,,new,no,,,,,,,,,,,,,,,,ali-barra-de-mariscos,,,
ali-barra-de-mariscos-premium,Barra de mariscos — Premium,Barra de mariscos — Premium de Bodasesor para eventos en CDMX y área metropolitana. Precio mínimo de salida desde $27000.00 MXN. Precio unitario de referencia: $900.00 MXN. Cotiza disponibilidad y montaje en bodasesor.com.,in_stock,,,https://bodasesor.com/catalogos/barra-de-mariscos,https://bodasesor.com/catalogos/barra-de-mariscos,https://bodasesor.com/images/productos/barra-mariscos.png,900.00 MXN,,,no,,,Bodasesor,"""Servicio de alimentos Bodasesor"", ""Nivel Premium"", ""Disponible en CDMX""",Categoría:alimentos:Barra de mariscos,,new,no,,,,,,,,,,,,,,,,ali-barra-de-mariscos,,,
ali-barra-de-paninis-solo-alimentos,Barra de paninis — Solo Alimentos,Barra de paninis — Solo Alimentos de Bodasesor para eventos en CDMX y área metropolitana. Precio mínimo de salida desde $9900.00 MXN. Precio unitario de referencia: $330.00 MXN. Cotiza disponibilidad y montaje en bodasesor.com.,in_stock,,,https://bodasesor.com/catalogos/barra-de-paninis,https://bodasesor.com/catalogos/barra-de-paninis,https://bodasesor.com/images/productos/barra-paninis.png,330.00 MXN,,,no,,,Bodasesor,"""Servicio de alimentos Bodasesor"", ""Nivel Solo Alimentos"", ""Disponible en CDMX""",Categoría:alimentos:Barra de paninis,,new,no,,,,,,,,,,,,,,,,ali-barra-de-paninis,,,
ali-barra-de-paninis-basico,Barra de paninis — Basico,Barra de paninis — Basico de Bodasesor para eventos en CDMX y área metropolitana. Precio mínimo de salida desde $22500.00 MXN. Precio unitario de referencia: $750.00 MXN. Cotiza disponibilidad y montaje en bodasesor.com.,in_stock,,,https://bodasesor.com/catalogos/barra-de-paninis,https://bodasesor.com/catalogos/barra-de-paninis,https://bodasesor.com/images/productos/barra-paninis.png,750.00 MXN,,,no,,,Bodasesor,"""Servicio de alimentos Bodasesor"", ""Nivel Basico"", ""Disponible en CDMX""",Categoría:alimentos:Barra de paninis,,new,no,,,,,,,,,,,,,,,,ali-barra-de-paninis,,,
ali-barra-de-paninis-tradicional,Barra de paninis — Tradicional,Barra de paninis — Tradicional de Bodasesor para eventos en CDMX y área metropolitana. Precio mínimo de salida desde $24000.00 MXN. Precio unitario de referencia: $800.00 MXN. Cotiza disponibilidad y montaje en bodasesor.com.,in_stock,,,https://bodasesor.com/catalogos/barra-de-paninis,https://bodasesor.com/catalogos/barra-de-paninis,https://bodasesor.com/images/productos/barra-paninis.png,800.00 MXN,,,no,,,Bodasesor,"""Servicio de alimentos Bodasesor"", ""Nivel Tradicional"", ""Disponible en CDMX""",Categoría:alimentos:Barra de paninis,,new,no,,,,,,,,,,,,,,,,ali-barra-de-paninis,,,
ali-barra-de-paninis-premium,Barra de paninis — Premium,Barra de paninis — Premium de Bodasesor para eventos en CDMX y área metropolitana. Precio mínimo de salida desde $25500.00 MXN. Precio unitario de referencia: $850.00 MXN. Cotiza disponibilidad y montaje en bodasesor.com.,in_stock,,,https://bodasesor.com/catalogos/barra-de-paninis,https://bodasesor.com/catalogos/barra-de-paninis,https://bodasesor.com/images/productos/barra-paninis.png,850.00 MXN,,,no,,,Bodasesor,"""Servicio de alimentos Bodasesor"", ""Nivel Premium"", ""Disponible en CDMX""",Categoría:alimentos:Barra de paninis,,new,no,,,,,,,,,,,,,,,,ali-barra-de-paninis,,,
ali-barra-de-pastas-y-ensaladas-solo-alimentos,Barra de pastas y ensaladas — Solo Alimentos,Barra de pastas y ensaladas — Solo Alimentos de Bodasesor para eventos en CDMX y área metropolitana. Precio mínimo de salida desde $10200.00 MXN. Precio unitario de referencia: $340.00 MXN. Cotiza disponibilidad y montaje en bodasesor.com.,in_stock,,,https://bodasesor.com/catalogos/barra-de-pastas-y-ensaladas,https://bodasesor.com/catalogos/barra-de-pastas-y-ensaladas,https://bodasesor.com/images/productos/barra-pastas.png,340.00 MXN,,,no,,,Bodasesor,"""Servicio de alimentos Bodasesor"", ""Nivel Solo Alimentos"", ""Disponible en CDMX""",Categoría:alimentos:Barra de pastas y ensaladas,,new,no,,,,,,,,,,,,,,,,ali-barra-de-pastas-y-ensaladas,,,
ali-barra-de-pastas-y-ensaladas-basico,Barra de pastas y ensaladas — Basico,Barra de pastas y ensaladas — Basico de Bodasesor para eventos en CDMX y área metropolitana. Precio mínimo de salida desde $23400.00 MXN. Precio unitario de referencia: $780.00 MXN. Cotiza disponibilidad y montaje en bodasesor.com.,in_stock,,,https://bodasesor.com/catalogos/barra-de-pastas-y-ensaladas,https://bodasesor.com/catalogos/barra-de-pastas-y-ensaladas,https://bodasesor.com/images/productos/barra-pastas.png,780.00 MXN,,,no,,,Bodasesor,"""Servicio de alimentos Bodasesor"", ""Nivel Basico"", ""Disponible en CDMX""",Categoría:alimentos:Barra de pastas y ensaladas,,new,no,,,,,,,,,,,,,,,,ali-barra-de-pastas-y-ensaladas,,,
ali-barra-de-pastas-y-ensaladas-tradicional,Barra de pastas y ensaladas — Tradicional,Barra de pastas y ensaladas — Tradicional de Bodasesor para eventos en CDMX y área metropolitana. Precio mínimo de salida desde $24900.00 MXN. Precio unitario de referencia: $830.00 MXN. Cotiza disponibilidad y montaje en bodasesor.com.,in_stock,,,https://bodasesor.com/catalogos/barra-de-pastas-y-ensaladas,https://bodasesor.com/catalogos/barra-de-pastas-y-ensaladas,https://bodasesor.com/images/productos/barra-pastas.png,830.00 MXN,,,no,,,Bodasesor,"""Servicio de alimentos Bodasesor"", ""Nivel Tradicional"", ""Disponible en CDMX""",Categoría:alimentos:Barra de pastas y ensaladas,,new,no,,,,,,,,,,,,,,,,ali-barra-de-pastas-y-ensaladas,,,
ali-barra-de-pastas-y-ensaladas-premium,Barra de pastas y ensaladas — Premium,Barra de pastas y ensaladas — Premium de Bodasesor para eventos en CDMX y área metropolitana. Precio mínimo de salida desde $26400.00 MXN. Precio unitario de referencia: $880.00 MXN. Cotiza disponibilidad y montaje en bodasesor.com.,in_stock,,,https://bodasesor.com/catalogos/barra-de-pastas-y-ensaladas,https://bodasesor.com/catalogos/barra-de-pastas-y-ensaladas,https://bodasesor.com/images/productos/barra-pastas.png,880.00 MXN,,,no,,,Bodasesor,"""Servicio de alimentos Bodasesor"", ""Nivel Premium"", ""Disponible en CDMX""",Categoría:alimentos:Barra de pastas y ensaladas,,new,no,,,,,,,,,,,,,,,,ali-barra-de-pastas-y-ensaladas,,,
ali-barra-de-pizzas-basico,Barra de pizzas — Basico,Barra de pizzas — Basico de Bodasesor para eventos en CDMX y área metropolitana. Precio mínimo de salida desde $23400.00 MXN. Precio unitario de referencia: $780.00 MXN. Cotiza disponibilidad y montaje en bodasesor.com.,in_stock,,,https://bodasesor.com/catalogos/barra-de-pizzas,https://bodasesor.com/catalogos/barra-de-pizzas,https://bodasesor.com/images/productos/barra-pizzas.png,780.00 MXN,,,no,,,Bodasesor,"""Servicio de alimentos Bodasesor"", ""Nivel Basico"", ""Disponible en CDMX""",Categoría:alimentos:Barra de pizzas,,new,no,,,,,,,,,,,,,,,,ali-barra-de-pizzas,,,
ali-barra-de-pizzas-tradicional,Barra de pizzas — Tradicional,Barra de pizzas — Tradicional de Bodasesor para eventos en CDMX y área metropolitana. Precio mínimo de salida desde $24900.00 MXN. Precio unitario de referencia: $830.00 MXN. Cotiza disponibilidad y montaje en bodasesor.com.,in_stock,,,https://bodasesor.com/catalogos/barra-de-pizzas,https://bodasesor.com/catalogos/barra-de-pizzas,https://bodasesor.com/images/productos/barra-pizzas.png,830.00 MXN,,,no,,,Bodasesor,"""Servicio de alimentos Bodasesor"", ""Nivel Tradicional"", ""Disponible en CDMX""",Categoría:alimentos:Barra de pizzas,,new,no,,,,,,,,,,,,,,,,ali-barra-de-pizzas,,,
ali-barra-de-pizzas-premium,Barra de pizzas — Premium,Barra de pizzas — Premium de Bodasesor para eventos en CDMX y área metropolitana. Precio mínimo de salida desde $26400.00 MXN. Precio unitario de referencia: $880.00 MXN. Cotiza disponibilidad y montaje en bodasesor.com.,in_stock,,,https://bodasesor.com/catalogos/barra-de-pizzas,https://bodasesor.com/catalogos/barra-de-pizzas,https://bodasesor.com/images/productos/barra-pizzas.png,880.00 MXN,,,no,,,Bodasesor,"""Servicio de alimentos Bodasesor"", ""Nivel Premium"", ""Disponible en CDMX""",Categoría:alimentos:Barra de pizzas,,new,no,,,,,,,,,,,,,,,,ali-barra-de-pizzas,,,
ali-barra-de-pizzas-mas-pastas,Barra de pizzas — Mas pastas,Barra de pizzas — Mas pastas de Bodasesor para eventos en CDMX y área metropolitana. Extras: Precio extra a la barra de pizzas. Precio mínimo de salida desde $4500.00 MXN. Precio unitario de referencia: $150.00 MXN. Cotiza disponibilidad y montaje en bodasesor.com.,in_stock,,,https://bodasesor.com/catalogos/barra-de-pizzas,https://bodasesor.com/catalogos/barra-de-pizzas,https://bodasesor.com/images/productos/barra-pizzas.png,150.00 MXN,,,no,,,Bodasesor,"""Servicio de alimentos Bodasesor"", ""Nivel Mas pastas"", ""Disponible en CDMX""",Categoría:alimentos:Barra de pizzas,,new,no,,,,,,,,,,,,,,,,ali-barra-de-pizzas,,,
ali-barra-de-sushi-solo-alimentos,Barra de sushi — Solo Alimentos,Barra de sushi — Solo Alimentos de Bodasesor para eventos en CDMX y área metropolitana. Precio mínimo de salida desde $12600.00 MXN. Precio unitario de referencia: $420.00 MXN. Cotiza disponibilidad y montaje en bodasesor.com.,in_stock,,,https://bodasesor.com/catalogos/barra-de-sushi,https://bodasesor.com/catalogos/barra-de-sushi,https://bodasesor.com/images/productos/barra-sushi.png,420.00 MXN,,,no,,,Bodasesor,"""Servicio de alimentos Bodasesor"", ""Nivel Solo Alimentos"", ""Disponible en CDMX""",Categoría:alimentos:Barra de sushi,,new,no,,,,,,,,,,,,,,,,ali-barra-de-sushi,,,
ali-barra-de-sushi-basico,Barra de sushi — Basico,Barra de sushi — Basico de Bodasesor para eventos en CDMX y área metropolitana. Precio mínimo de salida desde $24000.00 MXN. Precio unitario de referencia: $800.00 MXN. Cotiza disponibilidad y montaje en bodasesor.com.,in_stock,,,https://bodasesor.com/catalogos/barra-de-sushi,https://bodasesor.com/catalogos/barra-de-sushi,https://bodasesor.com/images/productos/barra-sushi.png,800.00 MXN,,,no,,,Bodasesor,"""Servicio de alimentos Bodasesor"", ""Nivel Basico"", ""Disponible en CDMX""",Categoría:alimentos:Barra de sushi,,new,no,,,,,,,,,,,,,,,,ali-barra-de-sushi,,,
ali-barra-de-sushi-tradicional,Barra de sushi — Tradicional,Barra de sushi — Tradicional de Bodasesor para eventos en CDMX y área metropolitana. Precio mínimo de salida desde $25500.00 MXN. Precio unitario de referencia: $850.00 MXN. Cotiza disponibilidad y montaje en bodasesor.com.,in_stock,,,https://bodasesor.com/catalogos/barra-de-sushi,https://bodasesor.com/catalogos/barra-de-sushi,https://bodasesor.com/images/productos/barra-sushi.png,850.00 MXN,,,no,,,Bodasesor,"""Servicio de alimentos Bodasesor"", ""Nivel Tradicional"", ""Disponible en CDMX""",Categoría:alimentos:Barra de sushi,,new,no,,,,,,,,,,,,,,,,ali-barra-de-sushi,,,
ali-barra-de-sushi-premium,Barra de sushi — Premium,Barra de sushi — Premium de Bodasesor para eventos en CDMX y área metropolitana. Precio mínimo de salida desde $27000.00 MXN. Precio unitario de referencia: $900.00 MXN. Cotiza disponibilidad y montaje en bodasesor.com.,in_stock,,,https://bodasesor.com/catalogos/barra-de-sushi,https://bodasesor.com/catalogos/barra-de-sushi,https://bodasesor.com/images/productos/barra-sushi.png,900.00 MXN,,,no,,,Bodasesor,"""Servicio de alimentos Bodasesor"", ""Nivel Premium"", ""Disponible en CDMX""",Categoría:alimentos:Barra de sushi,,new,no,,,,,,,,,,,,,,,,ali-barra-de-sushi,,,
ali-barra-yucateca-solo-alimentos,Barra Yucateca — Solo Alimentos,Barra Yucateca — Solo Alimentos de Bodasesor para eventos en CDMX y área metropolitana. Precio mínimo de salida desde $9900.00 MXN. Precio unitario de referencia: $330.00 MXN. Cotiza disponibilidad y montaje en bodasesor.com.,in_stock,,,https://bodasesor.com/catalogos/barra-yucateca,https://bodasesor.com/catalogos/barra-yucateca,https://bodasesor.com/images/productos/barra-yucateca.png,330.00 MXN,,,no,,,Bodasesor,"""Servicio de alimentos Bodasesor"", ""Nivel Solo Alimentos"", ""Disponible en CDMX""",Categoría:alimentos:Barra Yucateca,,new,no,,,,,,,,,,,,,,,,ali-barra-yucateca,,,
ali-barra-yucateca-basico,Barra Yucateca — Basico,Barra Yucateca — Basico de Bodasesor para eventos en CDMX y área metropolitana. Precio mínimo de salida desde $22500.00 MXN. Precio unitario de referencia: $750.00 MXN. Cotiza disponibilidad y montaje en bodasesor.com.,in_stock,,,https://bodasesor.com/catalogos/barra-yucateca,https://bodasesor.com/catalogos/barra-yucateca,https://bodasesor.com/images/productos/barra-yucateca.png,750.00 MXN,,,no,,,Bodasesor,"""Servicio de alimentos Bodasesor"", ""Nivel Basico"", ""Disponible en CDMX""",Categoría:alimentos:Barra Yucateca,,new,no,,,,,,,,,,,,,,,,ali-barra-yucateca,,,
ali-barra-yucateca-tradicional,Barra Yucateca — Tradicional,Barra Yucateca — Tradicional de Bodasesor para eventos en CDMX y área metropolitana. Precio mínimo de salida desde $24000.00 MXN. Precio unitario de referencia: $800.00 MXN. Cotiza disponibilidad y montaje en bodasesor.com.,in_stock,,,https://bodasesor.com/catalogos/barra-yucateca,https://bodasesor.com/catalogos/barra-yucateca,https://bodasesor.com/images/productos/barra-yucateca.png,800.00 MXN,,,no,,,Bodasesor,"""Servicio de alimentos Bodasesor"", ""Nivel Tradicional"", ""Disponible en CDMX""",Categoría:alimentos:Barra Yucateca,,new,no,,,,,,,,,,,,,,,,ali-barra-yucateca,,,
ali-barra-yucateca-premium,Barra Yucateca — Premium,Barra Yucateca — Premium de Bodasesor para eventos en CDMX y área metropolitana. Precio mínimo de salida desde $25500.00 MXN. Precio unitario de referencia: $850.00 MXN. Cotiza disponibilidad y montaje en bodasesor.com.,in_stock,,,https://bodasesor.com/catalogos/barra-yucateca,https://bodasesor.com/catalogos/barra-yucateca,https://bodasesor.com/images/productos/barra-yucateca.png,850.00 MXN,,,no,,,Bodasesor,"""Servicio de alimentos Bodasesor"", ""Nivel Premium"", ""Disponible en CDMX""",Categoría:alimentos:Barra Yucateca,,new,no,,,,,,,,,,,,,,,,ali-barra-yucateca,,,
ali-betun-clasico-betun-liso,Betún Clásico — Betún liso,Betún Clásico — Betún liso de Bodasesor para eventos en CDMX y área metropolitana. Precio mínimo de salida desde $1050.00 MXN. Precio unitario de referencia: $35.00 MXN. Cotiza disponibilidad y montaje en bodasesor.com.,in_stock,,,https://bodasesor.com/catalogos/cupcakes-y-betun,https://bodasesor.com/catalogos/cupcakes-y-betun,https://bodasesor.com/images/productos/cupcakes-gourmet.png,35.00 MXN,,,no,,,Bodasesor,"""Servicio de alimentos Bodasesor"", ""Nivel Betún liso"", ""Disponible en CDMX""",Categoría:alimentos:Betún Clásico,,new,no,,,,,,,,,,,,,,,,ali-betun-clasico,,,
ali-betun-decorado-betun-con-decoracion-manual,Betún Decorado — Betún con decoración manual,Betún Decorado — Betún con decoración manual de Bodasesor para eventos en CDMX y área metropolitana. Precio mínimo de salida desde $1350.00 MXN. Precio unitario de referencia: $45.00 MXN. Cotiza disponibilidad y montaje en bodasesor.com.,in_stock,,,https://bodasesor.com/catalogos/cupcakes-y-betun,https://bodasesor.com/catalogos/cupcakes-y-betun,https://bodasesor.com/images/productos/cupcakes-gourmet.png,45.00 MXN,,,no,,,Bodasesor,"""Servicio de alimentos Bodasesor"", ""Nivel Betún con decoración manual"", ""Disponible en CDMX""",Categoría:alimentos:Betún Decorado,,new,no,,,,,,,,,,,,,,,,ali-betun-decorado,,,
ali-bocadillos-solo-alimentos,Bocadillos — Solo Alimentos,Bocadillos — Solo Alimentos de Bodasesor para eventos en CDMX y área metropolitana. Precio mínimo de salida desde $9600.00 MXN. Precio unitario de referencia: $320.00 MXN. Cotiza disponibilidad y montaje en bodasesor.com.,in_stock,,,https://bodasesor.com/catalogos/bocadillos,https://bodasesor.com/catalogos/bocadillos,https://bodasesor.com/images/productos/bocadillos.png,320.00 MXN,,,no,,,Bodasesor,"""Servicio de alimentos Bodasesor"", ""Nivel Solo Alimentos"", ""Disponible en CDMX""",Categoría:alimentos:Bocadillos,,new,no,,,,,,,,,,,,,,,,ali-bocadillos,,,
ali-bocadillos-basico,Bocadillos — Basico,Bocadillos — Basico de Bodasesor para eventos en CDMX y área metropolitana. Precio mínimo de salida desde $22500.00 MXN. Precio unitario de referencia: $750.00 MXN. Cotiza disponibilidad y montaje en bodasesor.com.,in_stock,,,https://bodasesor.com/catalogos/bocadillos,https://bodasesor.com/catalogos/bocadillos,https://bodasesor.com/images/productos/bocadillos.png,750.00 MXN,,,no,,,Bodasesor,"""Servicio de alimentos Bodasesor"", ""Nivel Basico"", ""Disponible en CDMX""",Categoría:alimentos:Bocadillos,,new,no,,,,,,,,,,,,,,,,ali-bocadillos,,,
ali-bocadillos-tradicional,Bocadillos — Tradicional,Bocadillos — Tradicional de Bodasesor para eventos en CDMX y área metropolitana. Precio mínimo de salida desde $24000.00 MXN. Precio unitario de referencia: $800.00 MXN. Cotiza disponibilidad y montaje en bodasesor.com.,in_stock,,,https://bodasesor.com/catalogos/bocadillos,https://bodasesor.com/catalogos/bocadillos,https://bodasesor.com/images/productos/bocadillos.png,800.00 MXN,,,no,,,Bodasesor,"""Servicio de alimentos Bodasesor"", ""Nivel Tradicional"", ""Disponible en CDMX""",Categoría:alimentos:Bocadillos,,new,no,,,,,,,,,,,,,,,,ali-bocadillos,,,
ali-bocadillos-premium,Bocadillos — Premium,Bocadillos — Premium de Bodasesor para eventos en CDMX y área metropolitana. Precio mínimo de salida desde $25500.00 MXN. Precio unitario de referencia: $850.00 MXN. Cotiza disponibilidad y montaje en bodasesor.com.,in_stock,,,https://bodasesor.com/catalogos/bocadillos,https://bodasesor.com/catalogos/bocadillos,https://bodasesor.com/images/productos/bocadillos.png,850.00 MXN,,,no,,,Bodasesor,"""Servicio de alimentos Bodasesor"", ""Nivel Premium"", ""Disponible en CDMX""",Categoría:alimentos:Bocadillos,,new,no,,,,,,,,,,,,,,,,ali-bocadillos,,,
ali-canapes-solo-alimentos,Canapés — Solo Alimentos,Canapés — Solo Alimentos de Bodasesor para eventos en CDMX y área metropolitana. Precio mínimo de salida desde $9600.00 MXN. Precio unitario de referencia: $320.00 MXN. Cotiza disponibilidad y montaje en bodasesor.com.,in_stock,,,https://bodasesor.com/catalogos/canapes,https://bodasesor.com/catalogos/canapes,https://bodasesor.com/images/productos/canapes-premium.png,320.00 MXN,,,no,,,Bodasesor,"""Servicio de alimentos Bodasesor"", ""Nivel Solo Alimentos"", ""Disponible en CDMX""",Categoría:alimentos:Canapés,,new,no,,,,,,,,,,,,,,,,ali-canapes,,,
ali-canapes-basico,Canapés — Basico,Canapés — Basico de Bodasesor para eventos en CDMX y área metropolitana. Precio mínimo de salida desde $22500.00 MXN. Precio unitario de referencia: $750.00 MXN. Cotiza disponibilidad y montaje en bodasesor.com.,in_stock,,,https://bodasesor.com/catalogos/canapes,https://bodasesor.com/catalogos/canapes,https://bodasesor.com/images/productos/canapes-premium.png,750.00 MXN,,,no,,,Bodasesor,"""Servicio de alimentos Bodasesor"", ""Nivel Basico"", ""Disponible en CDMX""",Categoría:alimentos:Canapés,,new,no,,,,,,,,,,,,,,,,ali-canapes,,,
ali-canapes-tradicional,Canapés — Tradicional,Canapés — Tradicional de Bodasesor para eventos en CDMX y área metropolitana. Precio mínimo de salida desde $24000.00 MXN. Precio unitario de referencia: $800.00 MXN. Cotiza disponibilidad y montaje en bodasesor.com.,in_stock,,,https://bodasesor.com/catalogos/canapes,https://bodasesor.com/catalogos/canapes,https://bodasesor.com/images/productos/canapes-premium.png,800.00 MXN,,,no,,,Bodasesor,"""Servicio de alimentos Bodasesor"", ""Nivel Tradicional"", ""Disponible en CDMX""",Categoría:alimentos:Canapés,,new,no,,,,,,,,,,,,,,,,ali-canapes,,,
ali-canapes-premium,Canapés — Premium,Canapés — Premium de Bodasesor para eventos en CDMX y área metropolitana. Precio mínimo de salida desde $25500.00 MXN. Precio unitario de referencia: $850.00 MXN. Cotiza disponibilidad y montaje en bodasesor.com.,in_stock,,,https://bodasesor.com/catalogos/canapes,https://bodasesor.com/catalogos/canapes,https://bodasesor.com/images/productos/canapes-premium.png,850.00 MXN,,,no,,,Bodasesor,"""Servicio de alimentos Bodasesor"", ""Nivel Premium"", ""Disponible en CDMX""",Categoría:alimentos:Canapés,,new,no,,,,,,,,,,,,,,,,ali-canapes,,,
ali-carrito-de-snaks-carrito-de-snaks,Carrito de snaks — Carrito de snaks,Carrito de snaks — Carrito de snaks de Bodasesor para eventos en CDMX y área metropolitana. Precio mínimo de salida desde $6000.00 MXN. Precio unitario de referencia: $150.00 MXN. Cotiza disponibilidad y montaje en bodasesor.com.,in_stock,,,https://bodasesor.com/catalogos/carrito-de-snacks,https://bodasesor.com/catalogos/carrito-de-snacks,https://bodasesor.com/images/productos/carrito-snacks.png,150.00 MXN,,,no,,,Bodasesor,"""Servicio de alimentos Bodasesor"", ""Nivel Carrito de snaks"", ""Disponible en CDMX""",Categoría:alimentos:Carrito de snaks,,new,no,,,,,,,,,,,,,,,,ali-carrito-de-snaks,,,
ali-cocteleria-y-mixologia-cocteleria,Coctelería y mixología — Coctelería,Coctelería y mixología — Coctelería de Bodasesor para eventos en CDMX y área metropolitana. Precio mínimo de salida desde $8550.00 MXN. Precio unitario de referencia: $285.00 MXN. Cotiza disponibilidad y montaje en bodasesor.com.,in_stock,,,https://bodasesor.com/catalogos/cocteleria-y-mixologia,https://bodasesor.com/catalogos/cocteleria-y-mixologia,https://bodasesor.com/images/productos/cocteles-mixologia.png,285.00 MXN,,,no,,,Bodasesor,"""Servicio de alimentos Bodasesor"", ""Nivel Coctelería"", ""Disponible en CDMX""",Categoría:alimentos:Coctelería y mixología,,new,no,,,,,,,,,,,,,,,,ali-cocteleria-y-mixologia,,,
ali-cocteleria-y-mixologia-mixologia,Coctelería y mixología — Mixologia,Coctelería y mixología — Mixologia de Bodasesor para eventos en CDMX y área metropolitana. Precio mínimo de salida desde $13950.00 MXN. Precio unitario de referencia: $465.00 MXN. Cotiza disponibilidad y montaje en bodasesor.com.,in_stock,,,https://bodasesor.com/catalogos/cocteleria-y-mixologia,https://bodasesor.com/catalogos/cocteleria-y-mixologia,https://bodasesor.com/images/productos/cocteles-mixologia.png,465.00 MXN,,,no,,,Bodasesor,"""Servicio de alimentos Bodasesor"", ""Nivel Mixologia"", ""Disponible en CDMX""",Categoría:alimentos:Coctelería y mixología,,new,no,,,,,,,,,,,,,,,,ali-cocteleria-y-mixologia,,,
ali-coffee-break-coffee-break-1,Coffee Break — Coffee Break 1,Coffee Break — Coffee Break 1 de Bodasesor para eventos en CDMX y área metropolitana. Precio mínimo de salida desde $7500.00 MXN. Precio unitario de referencia: $120.00 MXN. Cotiza disponibilidad y montaje en bodasesor.com.,in_stock,,,https://bodasesor.com/catalogos/coffee-break,https://bodasesor.com/catalogos/coffee-break,https://bodasesor.com/images/empresas/coffee-break.png,120.00 MXN,,,no,,,Bodasesor,"""Servicio de alimentos Bodasesor"", ""Nivel Coffee Break 1"", ""Disponible en CDMX""",Categoría:alimentos:Coffee Break,,new,no,,,,,,,,,,,,,,,,ali-coffee-break,,,
ali-coffee-break-coffee-break-2,Coffee Break — Coffee Break 2,Coffee Break — Coffee Break 2 de Bodasesor para eventos en CDMX y área metropolitana. Precio mínimo de salida desde $7500.00 MXN. Precio unitario de referencia: $200.00 MXN. Cotiza disponibilidad y montaje en bodasesor.com.,in_stock,,,https://bodasesor.com/catalogos/coffee-break,https://bodasesor.com/catalogos/coffee-break,https://bodasesor.com/images/empresas/coffee-break.png,200.00 MXN,,,no,,,Bodasesor,"""Servicio de alimentos Bodasesor"", ""Nivel Coffee Break 2"", ""Disponible en CDMX""",Categoría:alimentos:Coffee Break,,new,no,,,,,,,,,,,,,,,,ali-coffee-break,,,
ali-coffee-break-coffee-break-3,Coffee Break — Coffee Break 3,Coffee Break — Coffee Break 3 de Bodasesor para eventos en CDMX y área metropolitana. Precio mínimo de salida desde $8400.00 MXN. Precio unitario de referencia: $280.00 MXN. Cotiza disponibilidad y montaje en bodasesor.com.,in_stock,,,https://bodasesor.com/catalogos/coffee-break,https://bodasesor.com/catalogos/coffee-break,https://bodasesor.com/images/empresas/coffee-break.png,280.00 MXN,,,no,,,Bodasesor,"""Servicio de alimentos Bodasesor"", ""Nivel Coffee Break 3"", ""Disponible en CDMX""",Categoría:alimentos:Coffee Break,,new,no,,,,,,,,,,,,,,,,ali-coffee-break,,,
ali-coffee-break-coffee-break-4,Coffee Break — Coffee Break 4,Coffee Break — Coffee Break 4 de Bodasesor para eventos en CDMX y área metropolitana. Precio mínimo de salida desde $10500.00 MXN. Precio unitario de referencia: $350.00 MXN. Cotiza disponibilidad y montaje en bodasesor.com.,in_stock,,,https://bodasesor.com/catalogos/coffee-break,https://bodasesor.com/catalogos/coffee-break,https://bodasesor.com/images/empresas/coffee-break.png,350.00 MXN,,,no,,,Bodasesor,"""Servicio de alimentos Bodasesor"", ""Nivel Coffee Break 4"", ""Disponible en CDMX""",Categoría:alimentos:Coffee Break,,new,no,,,,,,,,,,,,,,,,ali-coffee-break,,,
ali-coffee-break-coffee-break-5,Coffee Break — Coffee Break 5,Coffee Break — Coffee Break 5 de Bodasesor para eventos en CDMX y área metropolitana. Precio mínimo de salida desde $12000.00 MXN. Precio unitario de referencia: $400.00 MXN. Cotiza disponibilidad y montaje en bodasesor.com.,in_stock,,,https://bodasesor.com/catalogos/coffee-break,https://bodasesor.com/catalogos/coffee-break,https://bodasesor.com/images/empresas/coffee-break.png,400.00 MXN,,,no,,,Bodasesor,"""Servicio de alimentos Bodasesor"", ""Nivel Coffee Break 5"", ""Disponible en CDMX""",Categoría:alimentos:Coffee Break,,new,no,,,,,,,,,,,,,,,,ali-coffee-break,,,
ali-comida-corrida-desayuno,Comida Corrida — Desayuno,Comida Corrida — Desayuno de Bodasesor para eventos en CDMX y área metropolitana. Precio mínimo de salida desde $7500.00 MXN. Precio unitario de referencia: $250.00 MXN. Cotiza disponibilidad y montaje en bodasesor.com.,in_stock,,,https://bodasesor.com/catalogos/comida-corrida,https://bodasesor.com/catalogos/comida-corrida,https://bodasesor.com/images/empresas/comida-corrida.png,250.00 MXN,,,no,,,Bodasesor,"""Servicio de alimentos Bodasesor"", ""Nivel Desayuno"", ""Disponible en CDMX""",Categoría:alimentos:Comida Corrida,,new,no,,,,,,,,,,,,,,,,ali-comida-corrida,,,
ali-comida-corrida-comida,Comida Corrida — Comida,Comida Corrida — Comida de Bodasesor para eventos en CDMX y área metropolitana. Precio mínimo de salida desde $10500.00 MXN. Precio unitario de referencia: $350.00 MXN. Cotiza disponibilidad y montaje en bodasesor.com.,in_stock,,,https://bodasesor.com/catalogos/comida-corrida,https://bodasesor.com/catalogos/comida-corrida,https://bodasesor.com/images/empresas/comida-corrida.png,350.00 MXN,,,no,,,Bodasesor,"""Servicio de alimentos Bodasesor"", ""Nivel Comida"", ""Disponible en CDMX""",Categoría:alimentos:Comida Corrida,,new,no,,,,,,,,,,,,,,,,ali-comida-corrida,,,
ali-comida-corrida-cena,Comida Corrida — Cena,Comida Corrida — Cena de Bodasesor para eventos en CDMX y área metropolitana. Precio mínimo de salida desde $10500.00 MXN. Precio unitario de referencia: $350.00 MXN. Cotiza disponibilidad y montaje en bodasesor.com.,in_stock,,,https://bodasesor.com/catalogos/comida-corrida,https://bodasesor.com/catalogos/comida-corrida,https://bodasesor.com/images/empresas/comida-corrida.png,350.00 MXN,,,no,,,Bodasesor,"""Servicio de alimentos Bodasesor"", ""Nivel Cena"", ""Disponible en CDMX""",Categoría:alimentos:Comida Corrida,,new,no,,,,,,,,,,,,,,,,ali-comida-corrida,,,
ali-cupcakes-betun-topper-impreso,Cupcakes — Betún + topper impreso,Cupcakes — Betún + topper impreso de Bodasesor para eventos en CDMX y área metropolitana. Precio mínimo de salida desde $1200.00 MXN. Precio unitario de referencia: $40.00 MXN. Cotiza disponibilidad y montaje en bodasesor.com.,in_stock,,,https://bodasesor.com/catalogos/cupcakes-y-betun,https://bodasesor.com/catalogos/cupcakes-y-betun,https://bodasesor.com/images/productos/cupcakes-gourmet.png,40.00 MXN,,,no,,,Bodasesor,"""Servicio de alimentos Bodasesor"", ""Nivel Betún + topper impreso"", ""Disponible en CDMX""",Categoría:alimentos:Cupcakes,,new,no,,,,,,,,,,,,,,,,ali-cupcakes,,,
ali-cupcakes-fondant-modelado-plano,Cupcakes — Fondant modelado plano,Cupcakes — Fondant modelado plano de Bodasesor para eventos en CDMX y área metropolitana. Precio mínimo de salida desde $1650.00 MXN. Precio unitario de referencia: $55.00 MXN. Cotiza disponibilidad y montaje en bodasesor.com.,in_stock,,,https://bodasesor.com/catalogos/cupcakes-y-betun,https://bodasesor.com/catalogos/cupcakes-y-betun,https://bodasesor.com/images/productos/cupcakes-gourmet.png,55.00 MXN,,,no,,,Bodasesor,"""Servicio de alimentos Bodasesor"", ""Nivel Fondant modelado plano"", ""Disponible en CDMX""",Categoría:alimentos:Cupcakes,,new,no,,,,,,,,,,,,,,,,ali-cupcakes,,,
ali-cupcakes-fondant-tridimensional-artesanal,Cupcakes — Fondant tridimensional artesanal,Cupcakes — Fondant tridimensional artesanal de Bodasesor para eventos en CDMX y área metropolitana. Precio mínimo de salida desde $1800.00 MXN. Precio unitario de referencia: $60.00 MXN. Cotiza disponibilidad y montaje en bodasesor.com.,in_stock,,,https://bodasesor.com/catalogos/cupcakes-y-betun,https://bodasesor.com/catalogos/cupcakes-y-betun,https://bodasesor.com/images/productos/cupcakes-gourmet.png,60.00 MXN,,,no,,,Bodasesor,"""Servicio de alimentos Bodasesor"", ""Nivel Fondant tridimensional artesanal"", ""Disponible en CDMX""",Categoría:alimentos:Cupcakes,,new,no,,,,,,,,,,,,,,,,ali-cupcakes,,,
ali-cupcakes-fondant-imagen-comestible,Cupcakes — Fondant + imagen comestible,Cupcakes — Fondant + imagen comestible de Bodasesor para eventos en CDMX y área metropolitana. Precio mínimo de salida desde $1350.00 MXN. Precio unitario de referencia: $45.00 MXN. Cotiza disponibilidad y montaje en bodasesor.com.,in_stock,,,https://bodasesor.com/catalogos/cupcakes-y-betun,https://bodasesor.com/catalogos/cupcakes-y-betun,https://bodasesor.com/images/productos/cupcakes-gourmet.png,45.00 MXN,,,no,,,Bodasesor,"""Servicio de alimentos Bodasesor"", ""Nivel Fondant + imagen comestible"", ""Disponible en CDMX""",Categoría:alimentos:Cupcakes,,new,no,,,,,,,,,,,,,,,,ali-cupcakes,,,
ali-desayuno-o-brunch-solo-alimentos,Desayuno o Brunch — Solo Alimentos,Desayuno o Brunch — Solo Alimentos de Bodasesor para eventos en CDMX y área metropolitana. Precio mínimo de salida desde $9000.00 MXN. Precio unitario de referencia: $300.00 MXN. Cotiza disponibilidad y montaje en bodasesor.com.,in_stock,,,https://bodasesor.com/catalogos/desayuno-o-brunch,https://bodasesor.com/catalogos/desayuno-o-brunch,https://bodasesor.com/images/productos/desayuno-social.png,300.00 MXN,,,no,,,Bodasesor,"""Servicio de alimentos Bodasesor"", ""Nivel Solo Alimentos"", ""Disponible en CDMX""",Categoría:alimentos:Desayuno o Brunch,,new,no,,,,,,,,,,,,,,,,ali-desayuno-o-brunch,,,
ali-desayuno-o-brunch-basico,Desayuno o Brunch — Basico,Desayuno o Brunch — Basico de Bodasesor para eventos en CDMX y área metropolitana. Precio mínimo de salida desde $16500.00 MXN. Precio unitario de referencia: $550.00 MXN. Cotiza disponibilidad y montaje en bodasesor.com.,in_stock,,,https://bodasesor.com/catalogos/desayuno-o-brunch,https://bodasesor.com/catalogos/desayuno-o-brunch,https://bodasesor.com/images/productos/desayuno-social.png,550.00 MXN,,,no,,,Bodasesor,"""Servicio de alimentos Bodasesor"", ""Nivel Basico"", ""Disponible en CDMX""",Categoría:alimentos:Desayuno o Brunch,,new,no,,,,,,,,,,,,,,,,ali-desayuno-o-brunch,,,
ali-desayuno-o-brunch-tradicional,Desayuno o Brunch — Tradicional,Desayuno o Brunch — Tradicional de Bodasesor para eventos en CDMX y área metropolitana. Precio mínimo de salida desde $18000.00 MXN. Precio unitario de referencia: $600.00 MXN. Cotiza disponibilidad y montaje en bodasesor.com.,in_stock,,,https://bodasesor.com/catalogos/desayuno-o-brunch,https://bodasesor.com/catalogos/desayuno-o-brunch,https://bodasesor.com/images/productos/desayuno-social.png,600.00 MXN,,,no,,,Bodasesor,"""Servicio de alimentos Bodasesor"", ""Nivel Tradicional"", ""Disponible en CDMX""",Categoría:alimentos:Desayuno o Brunch,,new,no,,,,,,,,,,,,,,,,ali-desayuno-o-brunch,,,
ali-desayuno-o-brunch-premium,Desayuno o Brunch — Premium,Desayuno o Brunch — Premium de Bodasesor para eventos en CDMX y área metropolitana. Precio mínimo de salida desde $19500.00 MXN. Precio unitario de referencia: $650.00 MXN. Cotiza disponibilidad y montaje en bodasesor.com.,in_stock,,,https://bodasesor.com/catalogos/desayuno-o-brunch,https://bodasesor.com/catalogos/desayuno-o-brunch,https://bodasesor.com/images/productos/desayuno-social.png,650.00 MXN,,,no,,,Bodasesor,"""Servicio de alimentos Bodasesor"", ""Nivel Premium"", ""Disponible en CDMX""",Categoría:alimentos:Desayuno o Brunch,,new,no,,,,,,,,,,,,,,,,ali-desayuno-o-brunch,,,
ali-desayuno-o-brunch-buffet,Desayuno o Brunch — Buffet,Desayuno o Brunch — Buffet de Bodasesor para eventos en CDMX y área metropolitana. Precio mínimo de salida desde $22500.00 MXN. Precio unitario de referencia: $750.00 MXN. Cotiza disponibilidad y montaje en bodasesor.com.,in_stock,,,https://bodasesor.com/catalogos/desayuno-o-brunch,https://bodasesor.com/catalogos/desayuno-o-brunch,https://bodasesor.com/images/productos/desayuno-social.png,750.00 MXN,,,no,,,Bodasesor,"""Servicio de alimentos Bodasesor"", ""Nivel Buffet"", ""Disponible en CDMX""",Categoría:alimentos:Desayuno o Brunch,,new,no,,,,,,,,,,,,,,,,ali-desayuno-o-brunch,,,
ali-mesa-de-dulces-mesa-de-dulces,Mesa de dulces — Mesa de dulces,Mesa de dulces — Mesa de dulces de Bodasesor para eventos en CDMX y área metropolitana. Precio mínimo de salida desde $8000.00 MXN. Precio unitario de referencia: $250.00 MXN. Cotiza disponibilidad y montaje en bodasesor.com.,in_stock,,,https://bodasesor.com/catalogos/mesa-de-dulces,https://bodasesor.com/catalogos/mesa-de-dulces,https://bodasesor.com/images/productos/mesa-dulces.png,250.00 MXN,,,no,,,Bodasesor,"""Servicio de alimentos Bodasesor"", ""Nivel Mesa de dulces"", ""Disponible en CDMX""",Categoría:alimentos:Mesa de dulces,,new,no,,,,,,,,,,,,,,,,ali-mesa-de-dulces,,,
ali-mesa-de-postres-mesa-de-postres,Mesa de Postres — Mesa de Postres,Mesa de Postres — Mesa de Postres de Bodasesor para eventos en CDMX y área metropolitana. Precio mínimo de salida desde $8500.00 MXN. Precio unitario de referencia: $260.00 MXN. Cotiza disponibilidad y montaje en bodasesor.com.,in_stock,,,https://bodasesor.com/catalogos/mesa-de-postres,https://bodasesor.com/catalogos/mesa-de-postres,https://bodasesor.com/images/productos/mesa-postres.png,260.00 MXN,,,no,,,Bodasesor,"""Servicio de alimentos Bodasesor"", ""Nivel Mesa de Postres"", ""Disponible en CDMX""",Categoría:alimentos:Mesa de Postres,,new,no,,,,,,,,,,,,,,,,ali-mesa-de-postres,,,
ali-mesa-de-quesos-mesa-de-quesos,Mesa de quesos — Mesa de quesos,Mesa de quesos — Mesa de quesos de Bodasesor para eventos en CDMX y área metropolitana. Precio mínimo de salida desde $8700.00 MXN. Precio unitario de referencia: $290.00 MXN. Cotiza disponibilidad y montaje en bodasesor.com.,in_stock,,,https://bodasesor.com/catalogos/mesa-de-quesos,https://bodasesor.com/catalogos/mesa-de-quesos,https://bodasesor.com/images/productos/mesa-quesos.png,290.00 MXN,,,no,,,Bodasesor,"""Servicio de alimentos Bodasesor"", ""Nivel Mesa de quesos"", ""Disponible en CDMX""",Categoría:alimentos:Mesa de quesos,,new,no,,,,,,,,,,,,,,,,ali-mesa-de-quesos,,,
ali-mocteles-mocteleria,Mocteles — Moctelería,Mocteles — Moctelería de Bodasesor para eventos en CDMX y área metropolitana. Precio mínimo de salida desde $6000.00 MXN. Precio unitario de referencia: $200.00 MXN. Cotiza disponibilidad y montaje en bodasesor.com.,in_stock,,,https://bodasesor.com/catalogos/mocteles,https://bodasesor.com/catalogos/mocteles,https://bodasesor.com/images/productos/barra-mocteles.png,200.00 MXN,,,no,,,Bodasesor,"""Servicio de alimentos Bodasesor"", ""Nivel Moctelería"", ""Disponible en CDMX""",Categoría:alimentos:Mocteles,,new,no,,,,,,,,,,,,,,,,ali-mocteles,,,
ali-mocteles-con-mixologo,Mocteles — con mixologo,Mocteles — con mixologo de Bodasesor para eventos en CDMX y área metropolitana. Precio mínimo de salida desde $12000.00 MXN. Precio unitario de referencia: $400.00 MXN. Cotiza disponibilidad y montaje en bodasesor.com.,in_stock,,,https://bodasesor.com/catalogos/mocteles,https://bodasesor.com/catalogos/mocteles,https://bodasesor.com/images/productos/barra-mocteles.png,400.00 MXN,,,no,,,Bodasesor,"""Servicio de alimentos Bodasesor"", ""Nivel con mixologo"", ""Disponible en CDMX""",Categoría:alimentos:Mocteles,,new,no,,,,,,,,,,,,,,,,ali-mocteles,,,
ali-paella-solo-alimentos,Paella — Solo Alimentos,Paella — Solo Alimentos de Bodasesor para eventos en CDMX y área metropolitana. Precio mínimo de salida desde $15000.00 MXN. Precio unitario de referencia: $500.00 MXN. Cotiza disponibilidad y montaje en bodasesor.com.,in_stock,,,https://bodasesor.com/catalogos/paella,https://bodasesor.com/catalogos/paella,https://bodasesor.com/images/productos/paella.png,500.00 MXN,,,no,,,Bodasesor,"""Servicio de alimentos Bodasesor"", ""Nivel Solo Alimentos"", ""Disponible en CDMX""",Categoría:alimentos:Paella,,new,no,,,,,,,,,,,,,,,,ali-paella,,,
ali-paella-basico,Paella — Basico,Paella — Basico de Bodasesor para eventos en CDMX y área metropolitana. Precio mínimo de salida desde $24900.00 MXN. Precio unitario de referencia: $830.00 MXN. Cotiza disponibilidad y montaje en bodasesor.com.,in_stock,,,https://bodasesor.com/catalogos/paella,https://bodasesor.com/catalogos/paella,https://bodasesor.com/images/productos/paella.png,830.00 MXN,,,no,,,Bodasesor,"""Servicio de alimentos Bodasesor"", ""Nivel Basico"", ""Disponible en CDMX""",Categoría:alimentos:Paella,,new,no,,,,,,,,,,,,,,,,ali-paella,,,
ali-paella-tradicional,Paella — Tradicional,Paella — Tradicional de Bodasesor para eventos en CDMX y área metropolitana. Precio mínimo de salida desde $26400.00 MXN. Precio unitario de referencia: $880.00 MXN. Cotiza disponibilidad y montaje en bodasesor.com.,in_stock,,,https://bodasesor.com/catalogos/paella,https://bodasesor.com/catalogos/paella,https://bodasesor.com/images/productos/paella.png,880.00 MXN,,,no,,,Bodasesor,"""Servicio de alimentos Bodasesor"", ""Nivel Tradicional"", ""Disponible en CDMX""",Categoría:alimentos:Paella,,new,no,,,,,,,,,,,,,,,,ali-paella,,,
ali-paella-premium,Paella — Premium,Paella — Premium de Bodasesor para eventos en CDMX y área metropolitana. Precio mínimo de salida desde $27900.00 MXN. Precio unitario de referencia: $930.00 MXN. Cotiza disponibilidad y montaje en bodasesor.com.,in_stock,,,https://bodasesor.com/catalogos/paella,https://bodasesor.com/catalogos/paella,https://bodasesor.com/images/productos/paella.png,930.00 MXN,,,no,,,Bodasesor,"""Servicio de alimentos Bodasesor"", ""Nivel Premium"", ""Disponible en CDMX""",Categoría:alimentos:Paella,,new,no,,,,,,,,,,,,,,,,ali-paella,,,
ali-paletas-de-hielo-y-helados-tamano-coktail,Paletas de hielo y Helados — Tamaño Coktail,Paletas de hielo y Helados — Tamaño Coktail de Bodasesor para eventos en CDMX y área metropolitana. Precio mínimo de salida desde $1600.00 MXN. Precio unitario de referencia: $64.00 MXN. Cotiza disponibilidad y montaje en bodasesor.com.,in_stock,,,https://bodasesor.com/catalogos/paletas-de-hielo-y-helados,https://bodasesor.com/catalogos/paletas-de-hielo-y-helados,https://bodasesor.com/images/productos/paletas-helados.png,64.00 MXN,,,no,,,Bodasesor,"""Servicio de alimentos Bodasesor"", ""Nivel Tamaño Coktail"", ""Disponible en CDMX""",Categoría:alimentos:Paletas de hielo y Helados,,new,no,,,,,,,,,,,,,,,,ali-paletas-de-hielo-y-helados,,,
ali-paletas-de-hielo-y-helados-tamano-shot,Paletas de hielo y Helados — Tamaño Shot,Paletas de hielo y Helados — Tamaño Shot de Bodasesor para eventos en CDMX y área metropolitana. Precio mínimo de salida desde $1700.00 MXN. Precio unitario de referencia: $34.00 MXN. Cotiza disponibilidad y montaje en bodasesor.com.,in_stock,,,https://bodasesor.com/catalogos/paletas-de-hielo-y-helados,https://bodasesor.com/catalogos/paletas-de-hielo-y-helados,https://bodasesor.com/images/productos/paletas-helados.png,34.00 MXN,,,no,,,Bodasesor,"""Servicio de alimentos Bodasesor"", ""Nivel Tamaño Shot"", ""Disponible en CDMX""",Categoría:alimentos:Paletas de hielo y Helados,,new,no,,,,,,,,,,,,,,,,ali-paletas-de-hielo-y-helados,,,
ali-paletas-de-hielo-y-helados-sorbete,Paletas de hielo y Helados — Sorbete,Paletas de hielo y Helados — Sorbete de Bodasesor para eventos en CDMX y área metropolitana. Precio mínimo de salida desde $1000.00 MXN. Precio unitario de referencia: $40.00 MXN. Cotiza disponibilidad y montaje en bodasesor.com.,in_stock,,,https://bodasesor.com/catalogos/paletas-de-hielo-y-helados,https://bodasesor.com/catalogos/paletas-de-hielo-y-helados,https://bodasesor.com/images/productos/paletas-helados.png,40.00 MXN,,,no,,,Bodasesor,"""Servicio de alimentos Bodasesor"", ""Nivel Sorbete"", ""Disponible en CDMX""",Categoría:alimentos:Paletas de hielo y Helados,,new,no,,,,,,,,,,,,,,,,ali-paletas-de-hielo-y-helados,,,
ali-paletas-de-hielo-y-helados-helado,Paletas de hielo y Helados — Helado,Paletas de hielo y Helados — Helado de Bodasesor para eventos en CDMX y área metropolitana. Precio mínimo de salida desde $1650.00 MXN. Precio unitario de referencia: $330.00 MXN. Cotiza disponibilidad y montaje en bodasesor.com.,in_stock,,,https://bodasesor.com/catalogos/paletas-de-hielo-y-helados,https://bodasesor.com/catalogos/paletas-de-hielo-y-helados,https://bodasesor.com/images/productos/paletas-helados.png,330.00 MXN,,,no,,,Bodasesor,"""Servicio de alimentos Bodasesor"", ""Nivel Helado"", ""Disponible en CDMX""",Categoría:alimentos:Paletas de hielo y Helados,,new,no,,,,,,,,,,,,,,,,ali-paletas-de-hielo-y-helados,,,
ali-paletas-de-hielo-y-helados-smoothie,Paletas de hielo y Helados — Smoothie,Paletas de hielo y Helados — Smoothie de Bodasesor para eventos en CDMX y área metropolitana. Precio mínimo de salida desde $3300.00 MXN. Precio unitario de referencia: $66.00 MXN. Cotiza disponibilidad y montaje en bodasesor.com.,in_stock,,,https://bodasesor.com/catalogos/paletas-de-hielo-y-helados,https://bodasesor.com/catalogos/paletas-de-hielo-y-helados,https://bodasesor.com/images/productos/paletas-helados.png,66.00 MXN,,,no,,,Bodasesor,"""Servicio de alimentos Bodasesor"", ""Nivel Smoothie"", ""Disponible en CDMX""",Categoría:alimentos:Paletas de hielo y Helados,,new,no,,,,,,,,,,,,,,,,ali-paletas-de-hielo-y-helados,,,
ali-paletas-de-hielo-y-helados-palitos-brandeado,Paletas de hielo y Helados — Palitos Brandeado,Paletas de hielo y Helados — Palitos Brandeado de Bodasesor para eventos en CDMX y área metropolitana. Precio mínimo de salida desde $180.00 MXN. Precio unitario de referencia: $6.00 MXN. Cotiza disponibilidad y montaje en bodasesor.com.,in_stock,,,https://bodasesor.com/catalogos/paletas-de-hielo-y-helados,https://bodasesor.com/catalogos/paletas-de-hielo-y-helados,https://bodasesor.com/images/productos/paletas-helados.png,6.00 MXN,,,no,,,Bodasesor,"""Servicio de alimentos Bodasesor"", ""Nivel Palitos Brandeado"", ""Disponible en CDMX""",Categoría:alimentos:Paletas de hielo y Helados,,new,no,,,,,,,,,,,,,,,,ali-paletas-de-hielo-y-helados,,,
ali-paletas-de-hielo-y-helados-bolsas-portectoras,Paletas de hielo y Helados — Bolsas portectoras,Paletas de hielo y Helados — Bolsas portectoras de Bodasesor para eventos en CDMX y área metropolitana. Precio mínimo de salida desde $240.00 MXN. Precio unitario de referencia: $8.00 MXN. Cotiza disponibilidad y montaje en bodasesor.com.,in_stock,,,https://bodasesor.com/catalogos/paletas-de-hielo-y-helados,https://bodasesor.com/catalogos/paletas-de-hielo-y-helados,https://bodasesor.com/images/productos/paletas-helados.png,8.00 MXN,,,no,,,Bodasesor,"""Servicio de alimentos Bodasesor"", ""Nivel Bolsas portectoras"", ""Disponible en CDMX""",Categoría:alimentos:Paletas de hielo y Helados,,new,no,,,,,,,,,,,,,,,,ali-paletas-de-hielo-y-helados,,,
ali-paletas-de-hielo-y-helados-branding-carrito,Paletas de hielo y Helados — Branding Carrito,Paletas de hielo y Helados — Branding Carrito de Bodasesor para eventos en CDMX y área metropolitana. Precio mínimo de salida desde $2300.00 MXN. Precio unitario de referencia: $2300.00 MXN. Cotiza disponibilidad y montaje en bodasesor.com.,in_stock,,,https://bodasesor.com/catalogos/paletas-de-hielo-y-helados,https://bodasesor.com/catalogos/paletas-de-hielo-y-helados,https://bodasesor.com/images/productos/paletas-helados.png,2300.00 MXN,,,no,,,Bodasesor,"""Servicio de alimentos Bodasesor"", ""Nivel Branding Carrito"", ""Disponible en CDMX""",Categoría:alimentos:Paletas de hielo y Helados,,new,no,,,,,,,,,,,,,,,,ali-paletas-de-hielo-y-helados,,,
ali-paletas-de-hielo-y-helados-carrito-de-helados,Paletas de hielo y Helados — Carrito  de helados,Paletas de hielo y Helados — Carrito  de helados de Bodasesor para eventos en CDMX y área metropolitana. Precio mínimo de salida desde $1500.00 MXN. Precio unitario de referencia: $1500.00 MXN. Cotiza disponibilidad y montaje en bodasesor.com.,in_stock,,,https://bodasesor.com/catalogos/paletas-de-hielo-y-helados,https://bodasesor.com/catalogos/paletas-de-hielo-y-helados,https://bodasesor.com/images/productos/paletas-helados.png,1500.00 MXN,,,no,,,Bodasesor,"""Servicio de alimentos Bodasesor"", ""Nivel Carrito  de helados"", ""Disponible en CDMX""",Categoría:alimentos:Paletas de hielo y Helados,,new,no,,,,,,,,,,,,,,,,ali-paletas-de-hielo-y-helados,,,
ali-parrillada-argentina-solo-alimentos,Parrillada Argentina — Solo Alimentos,Parrillada Argentina — Solo Alimentos de Bodasesor para eventos en CDMX y área metropolitana. Precio mínimo de salida desde $15000.00 MXN. Precio unitario de referencia: $500.00 MXN. Cotiza disponibilidad y montaje en bodasesor.com.,in_stock,,,https://bodasesor.com/catalogos/parrillada-argentina,https://bodasesor.com/catalogos/parrillada-argentina,https://bodasesor.com/images/productos/parrillada-argentina.png,500.00 MXN,,,no,,,Bodasesor,"""Servicio de alimentos Bodasesor"", ""Nivel Solo Alimentos"", ""Disponible en CDMX""",Categoría:alimentos:Parrillada Argentina,,new,no,,,,,,,,,,,,,,,,ali-parrillada-argentina,,,
ali-parrillada-argentina-basico,Parrillada Argentina — Basico,Parrillada Argentina — Basico de Bodasesor para eventos en CDMX y área metropolitana. Precio mínimo de salida desde $24900.00 MXN. Precio unitario de referencia: $830.00 MXN. Cotiza disponibilidad y montaje en bodasesor.com.,in_stock,,,https://bodasesor.com/catalogos/parrillada-argentina,https://bodasesor.com/catalogos/parrillada-argentina,https://bodasesor.com/images/productos/parrillada-argentina.png,830.00 MXN,,,no,,,Bodasesor,"""Servicio de alimentos Bodasesor"", ""Nivel Basico"", ""Disponible en CDMX""",Categoría:alimentos:Parrillada Argentina,,new,no,,,,,,,,,,,,,,,,ali-parrillada-argentina,,,
ali-parrillada-argentina-tradicional,Parrillada Argentina — Tradicional,Parrillada Argentina — Tradicional de Bodasesor para eventos en CDMX y área metropolitana. Precio mínimo de salida desde $26400.00 MXN. Precio unitario de referencia: $880.00 MXN. Cotiza disponibilidad y montaje en bodasesor.com.,in_stock,,,https://bodasesor.com/catalogos/parrillada-argentina,https://bodasesor.com/catalogos/parrillada-argentina,https://bodasesor.com/images/productos/parrillada-argentina.png,880.00 MXN,,,no,,,Bodasesor,"""Servicio de alimentos Bodasesor"", ""Nivel Tradicional"", ""Disponible en CDMX""",Categoría:alimentos:Parrillada Argentina,,new,no,,,,,,,,,,,,,,,,ali-parrillada-argentina,,,
ali-parrillada-argentina-premium,Parrillada Argentina — Premium,Parrillada Argentina — Premium de Bodasesor para eventos en CDMX y área metropolitana. Precio mínimo de salida desde $27900.00 MXN. Precio unitario de referencia: $930.00 MXN. Cotiza disponibilidad y montaje en bodasesor.com.,in_stock,,,https://bodasesor.com/catalogos/parrillada-argentina,https://bodasesor.com/catalogos/parrillada-argentina,https://bodasesor.com/images/productos/parrillada-argentina.png,930.00 MXN,,,no,,,Bodasesor,"""Servicio de alimentos Bodasesor"", ""Nivel Premium"", ""Disponible en CDMX""",Categoría:alimentos:Parrillada Argentina,,new,no,,,,,,,,,,,,,,,,ali-parrillada-argentina,,,
ali-parrillada-tacos-solo-alimentos,Parrillada Tacos — Solo Alimentos,Parrillada Tacos — Solo Alimentos de Bodasesor para eventos en CDMX y área metropolitana. Precio mínimo de salida desde $9000.00 MXN. Precio unitario de referencia: $300.00 MXN. Cotiza disponibilidad y montaje en bodasesor.com.,in_stock,,,https://bodasesor.com/catalogos/parrillada-tacos,https://bodasesor.com/catalogos/parrillada-tacos,https://bodasesor.com/images/productos/parrillada-tradicional.png,300.00 MXN,,,no,,,Bodasesor,"""Servicio de alimentos Bodasesor"", ""Nivel Solo Alimentos"", ""Disponible en CDMX""",Categoría:alimentos:Parrillada Tacos,,new,no,,,,,,,,,,,,,,,,ali-parrillada-tacos,,,
ali-parrillada-tacos-basico,Parrillada Tacos — Basico,Parrillada Tacos — Basico de Bodasesor para eventos en CDMX y área metropolitana. Precio mínimo de salida desde $22500.00 MXN. Precio unitario de referencia: $750.00 MXN. Cotiza disponibilidad y montaje en bodasesor.com.,in_stock,,,https://bodasesor.com/catalogos/parrillada-tacos,https://bodasesor.com/catalogos/parrillada-tacos,https://bodasesor.com/images/productos/parrillada-tradicional.png,750.00 MXN,,,no,,,Bodasesor,"""Servicio de alimentos Bodasesor"", ""Nivel Basico"", ""Disponible en CDMX""",Categoría:alimentos:Parrillada Tacos,,new,no,,,,,,,,,,,,,,,,ali-parrillada-tacos,,,
ali-parrillada-tacos-tradicional,Parrillada Tacos — Tradicional,Parrillada Tacos — Tradicional de Bodasesor para eventos en CDMX y área metropolitana. Precio mínimo de salida desde $24000.00 MXN. Precio unitario de referencia: $800.00 MXN. Cotiza disponibilidad y montaje en bodasesor.com.,in_stock,,,https://bodasesor.com/catalogos/parrillada-tacos,https://bodasesor.com/catalogos/parrillada-tacos,https://bodasesor.com/images/productos/parrillada-tradicional.png,800.00 MXN,,,no,,,Bodasesor,"""Servicio de alimentos Bodasesor"", ""Nivel Tradicional"", ""Disponible en CDMX""",Categoría:alimentos:Parrillada Tacos,,new,no,,,,,,,,,,,,,,,,ali-parrillada-tacos,,,
ali-parrillada-tacos-premium,Parrillada Tacos — Premium,Parrillada Tacos — Premium de Bodasesor para eventos en CDMX y área metropolitana. Precio mínimo de salida desde $25500.00 MXN. Precio unitario de referencia: $850.00 MXN. Cotiza disponibilidad y montaje en bodasesor.com.,in_stock,,,https://bodasesor.com/catalogos/parrillada-tacos,https://bodasesor.com/catalogos/parrillada-tacos,https://bodasesor.com/images/productos/parrillada-tradicional.png,850.00 MXN,,,no,,,Bodasesor,"""Servicio de alimentos Bodasesor"", ""Nivel Premium"", ""Disponible en CDMX""",Categoría:alimentos:Parrillada Tacos,,new,no,,,,,,,,,,,,,,,,ali-parrillada-tacos,,,
ali-pozole-y-tostadas-solo-alimentos,Pozole y Tostadas — Solo Alimentos,Pozole y Tostadas — Solo Alimentos de Bodasesor para eventos en CDMX y área metropolitana. Precio mínimo de salida desde $9000.00 MXN. Precio unitario de referencia: $300.00 MXN. Cotiza disponibilidad y montaje en bodasesor.com.,in_stock,,,https://bodasesor.com/catalogos/pozole-y-tostadas,https://bodasesor.com/catalogos/pozole-y-tostadas,https://bodasesor.com/images/productos/pozole-tostadas.png,300.00 MXN,,,no,,,Bodasesor,"""Servicio de alimentos Bodasesor"", ""Nivel Solo Alimentos"", ""Disponible en CDMX""",Categoría:alimentos:Pozole y Tostadas,,new,no,,,,,,,,,,,,,,,,ali-pozole-y-tostadas,,,
ali-pozole-y-tostadas-basico,Pozole y Tostadas — Basico,Pozole y Tostadas — Basico de Bodasesor para eventos en CDMX y área metropolitana. Precio mínimo de salida desde $22500.00 MXN. Precio unitario de referencia: $750.00 MXN. Cotiza disponibilidad y montaje en bodasesor.com.,in_stock,,,https://bodasesor.com/catalogos/pozole-y-tostadas,https://bodasesor.com/catalogos/pozole-y-tostadas,https://bodasesor.com/images/productos/pozole-tostadas.png,750.00 MXN,,,no,,,Bodasesor,"""Servicio de alimentos Bodasesor"", ""Nivel Basico"", ""Disponible en CDMX""",Categoría:alimentos:Pozole y Tostadas,,new,no,,,,,,,,,,,,,,,,ali-pozole-y-tostadas,,,
ali-pozole-y-tostadas-tradicional,Pozole y Tostadas — Tradicional,Pozole y Tostadas — Tradicional de Bodasesor para eventos en CDMX y área metropolitana. Precio mínimo de salida desde $24000.00 MXN. Precio unitario de referencia: $800.00 MXN. Cotiza disponibilidad y montaje en bodasesor.com.,in_stock,,,https://bodasesor.com/catalogos/pozole-y-tostadas,https://bodasesor.com/catalogos/pozole-y-tostadas,https://bodasesor.com/images/productos/pozole-tostadas.png,800.00 MXN,,,no,,,Bodasesor,"""Servicio de alimentos Bodasesor"", ""Nivel Tradicional"", ""Disponible en CDMX""",Categoría:alimentos:Pozole y Tostadas,,new,no,,,,,,,,,,,,,,,,ali-pozole-y-tostadas,,,
ali-pozole-y-tostadas-premium,Pozole y Tostadas — Premium,Pozole y Tostadas — Premium de Bodasesor para eventos en CDMX y área metropolitana. Precio mínimo de salida desde $25500.00 MXN. Precio unitario de referencia: $850.00 MXN. Cotiza disponibilidad y montaje en bodasesor.com.,in_stock,,,https://bodasesor.com/catalogos/pozole-y-tostadas,https://bodasesor.com/catalogos/pozole-y-tostadas,https://bodasesor.com/images/productos/pozole-tostadas.png,850.00 MXN,,,no,,,Bodasesor,"""Servicio de alimentos Bodasesor"", ""Nivel Premium"", ""Disponible en CDMX""",Categoría:alimentos:Pozole y Tostadas,,new,no,,,,,,,,,,,,,,,,ali-pozole-y-tostadas,,,
ali-puestos-de-comida-por-pieza,Puestos de comida — Por pieza,Puestos de comida — Por pieza de Bodasesor para eventos en CDMX y área metropolitana. Precio mínimo de salida desde $9120.00 MXN. Precio unitario de referencia: $38.00 MXN. Cotiza disponibilidad y montaje en bodasesor.com.,in_stock,,,https://bodasesor.com/catalogos/puestos-de-comida,https://bodasesor.com/catalogos/puestos-de-comida,https://bodasesor.com/images/productos/puestos-antojitos.png,38.00 MXN,,,no,,,Bodasesor,"""Servicio de alimentos Bodasesor"", ""Nivel Por pieza"", ""Disponible en CDMX""",Categoría:alimentos:Puestos de comida,,new,no,,,,,,,,,,,,,,,,ali-puestos-de-comida,,,
ali-puestos-de-comida-servicio-completo,Puestos de comida — Servicio completo,Puestos de comida — Servicio completo de Bodasesor para eventos en CDMX y área metropolitana. Precio mínimo de salida desde $9000.00 MXN. Precio unitario de referencia: $300.00 MXN. Cotiza disponibilidad y montaje en bodasesor.com.,in_stock,,,https://bodasesor.com/catalogos/puestos-de-comida,https://bodasesor.com/catalogos/puestos-de-comida,https://bodasesor.com/images/productos/puestos-antojitos.png,300.00 MXN,,,no,,,Bodasesor,"""Servicio de alimentos Bodasesor"", ""Nivel Servicio completo"", ""Disponible en CDMX""",Categoría:alimentos:Puestos de comida,,new,no,,,,,,,,,,,,,,,,ali-puestos-de-comida,,,
ali-taquiza-solo-alimentos,Taquiza — Solo Alimentos,Taquiza — Solo Alimentos de Bodasesor para eventos en CDMX y área metropolitana. Precio mínimo de salida desde $9000.00 MXN. Precio unitario de referencia: $300.00 MXN. Cotiza disponibilidad y montaje en bodasesor.com.,in_stock,,,https://bodasesor.com/catalogos/taquiza,https://bodasesor.com/catalogos/taquiza,https://bodasesor.com/images/productos/taquiza-guisados.png,300.00 MXN,,,no,,,Bodasesor,"""Servicio de alimentos Bodasesor"", ""Nivel Solo Alimentos"", ""Disponible en CDMX""",Categoría:alimentos:Taquiza,,new,no,,,,,,,,,,,,,,,,ali-taquiza,,,
ali-taquiza-basico,Taquiza — Basico,Taquiza — Basico de Bodasesor para eventos en CDMX y área metropolitana. Precio mínimo de salida desde $22500.00 MXN. Precio unitario de referencia: $750.00 MXN. Cotiza disponibilidad y montaje en bodasesor.com.,in_stock,,,https://bodasesor.com/catalogos/taquiza,https://bodasesor.com/catalogos/taquiza,https://bodasesor.com/images/productos/taquiza-guisados.png,750.00 MXN,,,no,,,Bodasesor,"""Servicio de alimentos Bodasesor"", ""Nivel Basico"", ""Disponible en CDMX""",Categoría:alimentos:Taquiza,,new,no,,,,,,,,,,,,,,,,ali-taquiza,,,
ali-taquiza-tradicional,Taquiza — Tradicional,Taquiza — Tradicional de Bodasesor para eventos en CDMX y área metropolitana. Precio mínimo de salida desde $24000.00 MXN. Precio unitario de referencia: $800.00 MXN. Cotiza disponibilidad y montaje en bodasesor.com.,in_stock,,,https://bodasesor.com/catalogos/taquiza,https://bodasesor.com/catalogos/taquiza,https://bodasesor.com/images/productos/taquiza-guisados.png,800.00 MXN,,,no,,,Bodasesor,"""Servicio de alimentos Bodasesor"", ""Nivel Tradicional"", ""Disponible en CDMX""",Categoría:alimentos:Taquiza,,new,no,,,,,,,,,,,,,,,,ali-taquiza,,,
ali-taquiza-premium,Taquiza — Premium,Taquiza — Premium de Bodasesor para eventos en CDMX y área metropolitana. Precio mínimo de salida desde $25500.00 MXN. Precio unitario de referencia: $850.00 MXN. Cotiza disponibilidad y montaje en bodasesor.com.,in_stock,,,https://bodasesor.com/catalogos/taquiza,https://bodasesor.com/catalogos/taquiza,https://bodasesor.com/images/productos/taquiza-guisados.png,850.00 MXN,,,no,,,Bodasesor,"""Servicio de alimentos Bodasesor"", ""Nivel Premium"", ""Disponible en CDMX""",Categoría:alimentos:Taquiza,,new,no,,,,,,,,,,,,,,,,ali-taquiza,,,
